Unique.ID,Exempt.Code,Address,Owner.Or.Facility,X,Volume.And.Page,Acreage,Land.Assessment,Building.Assessment,Total.Assessment,OPMAssessment,ID,Address_in,Match,Match_type,Address_out,long,lat,Line_ID,Line_side,State,County,Tract,Block,FIPS,newadd,Park,Parking_lot
219 0459 00102,PABX,00000 AUTUMN ST,Berkeley Divinity School The,NA,2992/7,0.18,193060,0,193060,193060,1,"00000 AUTUMN ST, New Haven, CT",No_Match,NA,NA,NA,NA,NA,NA,NA,NA,NA,NA,NA,NA,NA,NA
219 0459 00103,PABX,00000 AUTUMN ST,Berkeley Divinity School Inc,NA,2992/7,0.18,193060,0,193060,193060,2,"00000 AUTUMN ST, New Haven, CT",No_Match,NA,NA,NA,NA,NA,NA,NA,NA,NA,NA,NA,NA,NA,NA
260 0307 01900,PABX,00000 BROADWAY,Yale University,NA,8403/19,0.28,305200,0,305200,305200,3,"00000 BROADWAY, New Haven, CT",No_Match,NA,NA,NA,NA,NA,NA,NA,NA,NA,NA,NA,NA,NA,NA
248 0395 00200,PABX,00000 CANNER ST,Yale University,NA,0/0,0.77,225960,10850,236810,236810,4,"00000 CANNER ST, New Haven, CT",No_Match,NA,NA,NA,NA,NA,NA,NA,NA,NA,NA,NA,NA,NA,NA
264 0103 00900,PABX,00000 CEDAR ST,Yale University,NA,8068/305,0.66,1731520,24518690,26250210,26250210,5,"00000 CEDAR ST, New Haven, CT",No_Match,NA,NA,NA,NA,NA,NA,NA,NA,NA,NA,NA,NA,NA,NA
277 0114 01502,PABX,00000 CEDAR ST,Beta 14 Llc,NA,8404/346,0.01,4620,0,4620,4620,6,"00000 CEDAR ST, New Haven, CT",No_Match,NA,NA,NA,NA,NA,NA,NA,NA,NA,NA,NA,NA,NA,NA
376 1079 00110,PABX,00000 CHAPEL ST,Yale University,NA,0/0,3.74,170310,0,170310,170310,7,"00000 CHAPEL ST, New Haven, CT",No_Match,NA,NA,NA,NA,NA,NA,NA,NA,NA,NA,NA,NA,NA,NA
243 0311 00400,PABX,00000 CHURCH ST,Yale University,NA,2820/31,0.23,586740,12950,599690,599690,8,"00000 CHURCH ST, New Haven, CT",No_Match,NA,NA,NA,NA,NA,NA,NA,NA,NA,NA,NA,NA,NA,NA
264 0103 01200,PABX,00000 CHURCH ST SOUTH,Yale University,NA,8312/302,0.39,73850,0,73850,73850,9,"00000 CHURCH ST SOUTH, New Haven, CT",No_Match,NA,NA,NA,NA,NA,NA,NA,NA,NA,NA,NA,NA,NA,NA
264 0103 00300,PABX,00000 COLUMBUS AV,Yale University,NA,8312/302,0.4,36960,0,36960,36960,10,"00000 COLUMBUS AV, New Haven, CT",No_Match,NA,NA,NA,NA,NA,NA,NA,NA,NA,NA,NA,NA,NA,NA
264 0103 00400,PABX,00000 COLUMBUS AV,Yale University,NA,8312/302,0.83,39900,0,39900,39900,11,"00000 COLUMBUS AV, New Haven, CT",Tie,NA,NA,NA,NA,NA,NA,NA,NA,NA,NA,NA,NA,NA,NA
260 0288 00105,PABX,00000 HIGH ST,Yale University,NA,0/0,0.19,572250,0,572250,572250,12,"00000 HIGH ST, New Haven, CT",No_Match,NA,NA,NA,NA,NA,NA,NA,NA,NA,NA,NA,NA,NA,NA
260 0288 00200,PABX,00000 HIGH ST,Yale University,NA,9043/313,1.54,2294320,0,2294320,2294320,13,"00000 HIGH ST, New Haven, CT",No_Match,NA,NA,NA,NA,NA,NA,NA,NA,NA,NA,NA,NA,NA,NA
244 0332 00301,PABX,00000 HILLHOUSE AV,Yale University,NA,0/0,0.53,1045870,0,1045870,1045870,14,"00000 HILLHOUSE AV, New Haven, CT",No_Match,NA,NA,NA,NA,NA,NA,NA,NA,NA,NA,NA,NA,NA,NA
244 0332 00602,PABX,00000 HILLHOUSE AV,Yale University,NA,9091/251,0.16,190540,0,190540,190540,15,"00000 HILLHOUSE AV, New Haven, CT",No_Match,NA,NA,NA,NA,NA,NA,NA,NA,NA,NA,NA,NA,NA,NA
244 0333 00401,PABX,00000 HILLHOUSE AV,Yale University,NA,0/0,0.3,597310,0,597310,597310,16,"00000 HILLHOUSE AV, New Haven, CT",No_Match,NA,NA,NA,NA,NA,NA,NA,NA,NA,NA,NA,NA,NA,NA
244 0333 00501,PABX,00000 HILLHOUSE AV,Yale University,NA,0/0,0.29,569870,17220,587090,587090,17,"00000 HILLHOUSE AV, New Haven, CT",No_Match,NA,NA,NA,NA,NA,NA,NA,NA,NA,NA,NA,NA,NA,NA
246 0362 04001,PABX,00000 MANSFIELD ST,Yale University,NA,0/0,0.03,3430,0,3430,3430,18,"00000 MANSFIELD ST, New Haven, CT",No_Match,NA,NA,NA,NA,NA,NA,NA,NA,NA,NA,NA,NA,NA,NA
246 0362 03500,PABX,00000 PROSPECT ST,Yale University,NA,4249/91,1.14,477540,1470,479010,479010,19,"00000 PROSPECTST, New Haven, CT",No_Match,NA,NA,NA,NA,NA,NA,NA,NA,NA,NA,NA,NA,NA,NA
245 0363 00200,PABX,00000 PROSPECT ST,Yale University,NA,0/0,0.38,842240,0,842240,842240,20,"00000 PROSPECTST, New Haven, CT",No_Match,NA,NA,NA,NA,NA,NA,NA,NA,NA,NA,NA,NA,NA,NA
377 1079 00103,PABX,00000 YALE AV,Yale University,NA,0/0,15.72,2260300,324100,2584400,2584400,21,"00000 YALE AV, New Haven, CT",No_Match,NA,NA,NA,NA,NA,NA,NA,NA,NA,NA,NA,NA,NA,NA
280 0250 02200,PABX,00000 YORK ST,Yale University,NA,0/0,0.04,11270,2030,13300,13300,22,"00000 YORK ST, New Haven, CT",No_Match,NA,NA,NA,NA,NA,NA,NA,NA,NA,NA,NA,NA,NA,NA
280 0250 00601,PABX,00000 YORK ST,Yale University,NA,0/0,0.5,350560,0,350560,350560,23,"00000 YORK ST, New Haven, CT",No_Match,NA,NA,NA,NA,NA,NA,NA,NA,NA,NA,NA,NA,NA,NA
280 0250 00602,PABX,00000 YORK ST,Yale University,NA,0/0,0.11,31710,0,31710,31710,24,"00000 YORK ST, New Haven, CT",No_Match,NA,NA,NA,NA,NA,NA,NA,NA,NA,NA,NA,NA,NA,NA
260 0307 00101,PABX,00000 YORK ST,Yale University,NA,0/0,0.02,9380,0,9380,9380,25,"00000 YORK ST, New Haven, CT",No_Match,NA,NA,NA,NA,NA,NA,NA,NA,NA,NA,NA,NA,NA,NA
260 0287 00100,PABX,00000 YORK ST,Yale University,NA,0/0,1.29,1013390,0,1013390,1013390,26,"00000 YORK ST, New Haven, CT",No_Match,NA,NA,NA,NA,NA,NA,NA,NA,NA,NA,NA,NA,NA,NA
239 0119 00100,PABX,00002 CHURCH ST SOUTH,We 2 Church Street South Llc,NA,6602/74,2.96,657580,4214533,4872113,4872113,27,"00002 CHURCH ST SOUTH, New Haven, CT",Match,Exact,"2 Church St S, New Haven, Ct, 06519",-72.92843,41.29627,604740963,L,9,9,140300,2038,09009140300,NA,NA,NA
244 0332 00601,PABX,00002 HILLHOUSE AV,Yale University,NA,9091/251,0.36,209440,1586060,1795500,1795500,28,"00002 HILLHOUSE AV, New Haven, CT",Match,Exact,"2 Hillhouse Ave, New Haven, Ct, 06511",-72.92443,41.31142,639745882,L,9,9,361402,1012,09009361402,NA,NA,NA
223 0334 00450,PABX,00002 WHITNEY AV 1A,Yale University,NA,0/0,0,0,265440,265440,265440,29,"00002 WHITNEY AV 1A, New Haven, CT",No_Match,NA,"2 Whitney Ave, New Haven, Ct, 06510",-72.92218,41.311775,NA,NA,NA,NA,NA,NA,09009142000,"2 WHITNEY AVE, New Haven, CT, 06510",FALSE,FALSE
223 0334 00461,PABX,00002 WHITNEY AV 2,Yale University,NA,0/0,0,0,1399860,1399860,1399860,30,"00002 WHITNEY AV 2, New Haven, CT",No_Match,NA,"3 Whitney Ave, New Haven, Ct, 06510",-72.92218,41.311776,NA,NA,NA,NA,NA,NA,09009142001,"3 WHITNEY AVE, New Haven, CT, 06510",FALSE,FALSE
223 0334 00463,PABX,00002 WHITNEY AV 3,Yale University,NA,0/0,0,0,1572620,1572620,1572620,31,"00002 WHITNEY AV 3, New Haven, CT",No_Match,NA,"4 Whitney Ave, New Haven, Ct, 06510",-72.92218,41.311777,NA,NA,NA,NA,NA,NA,09009142002,"4 WHITNEY AVE, New Haven, CT, 06510",FALSE,FALSE
223 0334 00464,PABX,00002 WHITNEY AV 4,Yale University,NA,0/0,0,70,1213940,1214010,1214010,32,"00002 WHITNEY AV 4, New Haven, CT",No_Match,NA,"5 Whitney Ave, New Haven, Ct, 06510",-72.92218,41.311778,NA,NA,NA,NA,NA,NA,09009142003,"5 WHITNEY AVE, New Haven, CT, 06510",FALSE,FALSE
223 0334 00465,PABX,00002 WHITNEY AV 4,Yale University,NA,0/0,0,0,454790,454790,454790,33,"00002 WHITNEY AV 4, New Haven, CT",No_Match,NA,"6 Whitney Ave, New Haven, Ct, 06510",-72.92218,41.311779,NA,NA,NA,NA,NA,NA,09009142004,"6 WHITNEY AVE, New Haven, CT, 06510",FALSE,FALSE
223 0334 00467,PABX,00002 WHITNEY AV 5,Yale University,NA,0/0,0,70,1424360,1424430,1424430,34,"00002 WHITNEY AV 5, New Haven, CT",No_Match,NA,"7 Whitney Ave, New Haven, Ct, 06510",-72.92218,41.311780,NA,NA,NA,NA,NA,NA,09009142005,"7 WHITNEY AVE, New Haven, CT, 06510",FALSE,FALSE
223 0334 00469,PABX,00002 WHITNEY AV 6,Yale University,NA,0/0,0,70,1421490,1421560,1421560,35,"00002 WHITNEY AV 6, New Haven, CT",No_Match,NA,"8 Whitney Ave, New Haven, Ct, 06510",-72.92218,41.311781,NA,NA,NA,NA,NA,NA,09009142006,"8 WHITNEY AVE, New Haven, CT, 06510",FALSE,FALSE
223 0334 00471,PABX,00002 WHITNEY AV 7,Yale Universtiy,NA,0/0,0,70,1162140,1162210,1162210,36,"00002 WHITNEY AV 7, New Haven, CT",No_Match,NA,"9 Whitney Ave, New Haven, Ct, 06510",-72.92218,41.311782,NA,NA,NA,NA,NA,NA,09009142007,"9 WHITNEY AVE, New Haven, CT, 06510",FALSE,FALSE
223 0334 00473,PABX,00002 WHITNEY AV 8,Yale University,NA,0/0,0,70,1171240,1171310,1171310,37,"00002 WHITNEY AV 8, New Haven, CT",No_Match,NA,"10 Whitney Ave, New Haven, Ct, 06510",-72.92218,41.311783,NA,NA,NA,NA,NA,NA,09009142008,"10 WHITNEY AVE, New Haven, CT, 06510",FALSE,FALSE
223 0334 00474,PABX,00002 WHITNEY AV G,Yale University,NA,0/0,0,70,739620,739690,739690,38,"00002 WHITNEY AV G, New Haven, CT",No_Match,NA,"11 Whitney Ave, New Haven, Ct, 06510",-72.92218,41.311784,NA,NA,NA,NA,NA,NA,09009142009,"11 WHITNEY AVE, New Haven, CT, 06510",FALSE,FALSE
223 0334 00475,PABX,00002 WHITNEY AV G,Yale University,NA,0/0,0,0,1206380,1206380,1206380,39,"00002 WHITNEY AV G, New Haven, CT",No_Match,NA,"12 Whitney Ave, New Haven, Ct, 06510",-72.92218,41.311785,NA,NA,NA,NA,NA,NA,09009142010,"12 WHITNEY AVE, New Haven, CT, 06510",FALSE,FALSE
244 0333 00300,PABX,00009 HILLHOUSE AV,Yale University,NA,9091/251,0.44,857290,4945010,5802300,5802300,40,"00009 HILLHOUSE AV, New Haven, CT",Match,Exact,"9 Hillhouse Ave, New Haven, Ct, 06511",-72.92411,41.3122,639745882,R,9,9,361402,1013,09009361402,NA,NA,NA
260 0307 00100,PABX,00009 TOWER PKWY,Yale University,NA,0/0,5.28,4147780,105893690,110041470,110041470,41,"00009 TOWER PKWY, New Haven, CT",Match,Exact,"9 Tower Pkwy, New Haven, Ct, 06511",-72.93182,41.31295,3701082,R,9,9,361402,1008,09009361402,NA,NA,NA
264 0103 00800,PABX,00010 AMISTAD ST,Yale University,NA,8068/305,0.88,2320710,8433810,10754520,10754520,42,"00010 AMISTAD ST, New Haven, CT",Match,Exact,"10 Amistad St, New Haven, Ct, 06519",-72.93256,41.300293,604740943,L,9,9,140300,2024,09009140300,NA,NA,NA
244 0332 00500,PABX,00010 HILLHOUSE AV,Yale University,NA,9091/251,0.75,1087030,11583950,12670980,12670980,43,"00010 HILLHOUSE AV, New Haven, CT",Match,Exact,"10 Hillhouse Ave, New Haven, Ct, 06511",-72.92417,41.312073,639745882,L,9,9,361402,1012,09009361402,NA,NA,NA
281 0329 02000,PABX,00010 LAKE PL,Yale University,NA,9424/179,0.04,14490,2240,16730,16730,44,"00010 LAKE PL, New Haven, CT",Match,Exact,"10 Lake Pl, New Haven, Ct, 06511",-72.93217,41.31396,637983899,L,9,9,361402,1007,09009361402,NA,NA,NA
244 0332 00400,PABX,00012 HILLHOUSE AV,Yale University,NA,9091/251,0.41,247380,1389080,1636460,1636460,45,"00012 HILLHOUSE AV, New Haven, CT",Match,Exact,"12 Hillhouse Ave, New Haven, Ct, 06511",-72.92411,41.312237,639745882,L,9,9,361402,1012,09009361402,NA,NA,NA
244 0333 00400,PABX,00015 HILLHOUSE AV,Yale University,NA,0/0,0.15,125790,616840,742630,742630,46,"00015 HILLHOUSE AV, New Haven, CT",Match,Exact,"15 Hillhouse Ave, New Haven, Ct, 06511",-72.923874,41.312786,639745882,R,9,9,361402,1013,09009361402,NA,NA,NA
244 0333 00500,PABX,00017 HILLHOUSE AV,Yale University,NA,5150/5,0.72,1416520,24909710,26326230,26326230,47,"00017 HILLHOUSE AV, New Haven, CT",Match,Exact,"17 Hillhouse Ave, New Haven, Ct, 06511",-72.9238,41.31298,639745882,R,9,9,361402,1013,09009361402,NA,NA,NA
244 0332 00200,PABX,00021 PROSPECT ST,Yale University,NA,9091/251,1.45,3256050,54656350,57912400,57912400,48,"00021 PROSPECTST, New Haven, CT",Match,Exact,"21 Prospect St, New Haven, Ct, 06511",-72.92544,41.312183,3701164,R,9,9,361402,1012,09009361402,NA,NA,NA
245 0363 01300,PABX,00021 SACHEM ST,Yale University,NA,0/0,4.29,4248720,0,4248720,4248720,49,"00021 SACHEM ST, New Haven, CT",Match,Exact,"21 Sachem St, New Haven, Ct, 06511",-72.92336,41.315987,618696083,R,9,9,361402,1000,09009361402,NA,NA,NA
261 0231 02000,PABX,00024 HIGH ST,Yale University,NA,0/0,0.09,252770,5600,258370,258370,50,"00024 HIGH ST, New Haven, CT",Tie,NA,"24 High St, New Haven, Ct, 06510",-72.93086,41.30717,NA,NA,NA,NA,NA,NA,09009361401,"24 HIGH ST, NEW HAVEN, CT, 06510",FALSE,FALSE
244 0332 00300,PABX,00024 HILLHOUSE AV,Yale University,NA,0/0,0.6,146440,946610,1093050,1093050,51,"00024 HILLHOUSE AV, New Haven, CT",Match,Exact,"24 Hillhouse Ave, New Haven, Ct, 06511",-72.92372,41.313213,639745882,L,9,9,361402,1012,09009361402,NA,NA,NA
261 0231 01900,PABX,00026 HIGH ST,Yale University,NA,0/0,0.08,190260,295540,485800,485800,52,"00026 HIGH ST, New Haven, CT",Tie,NA,"26 High St, New Haven, Ct, 06510",-72.93084,41.30721,NA,NA,NA,NA,NA,NA,09009361401,"26 HIGH ST, NEW HAVEN, CT, 06510",FALSE,FALSE
244 0365 00100,PABX,00027 HILLHOUSE AV,Yale University,NA,0/0,0.33,138110,717430,855540,855540,53,"00027 HILLHOUSE AV, New Haven, CT",Match,Exact,"27 Hillhouse Ave, New Haven, Ct, 06511",-72.923454,41.313843,3701169,R,9,9,361402,1002,09009361402,NA,NA,NA
244 0364 00800,PABX,00028 HILLHOUSE AV,Yale University,NA,0/0,0.34,208390,1385090,1593480,1593480,54,"00028 HILLHOUSE AV, New Haven, CT",Match,Exact,"28 Hillhouse Ave, New Haven, Ct, 06511",-72.92351,41.313744,3701169,L,9,9,361402,1003,09009361402,NA,NA,NA
260 0307 01201,PABX,00029 BROADWAY,Yale University,NA,0/0,0.62,368060,1283030,1651090,1651090,55,"00029 BROADWAY, New Haven, CT",Match,Exact,"29 Broadway, New Haven, Ct, 06511",-72.93097,41.3116,618696310,R,9,9,361402,1008,09009361402,NA,NA,NA
244 0364 00700,PABX,00030 HILLHOUSE AV,Yale University,NA,0/0,0.56,218330,2081240,2299570,2299570,56,"00030 HILLHOUSE AV, New Haven, CT",Match,Exact,"30 Hillhouse Ave, New Haven, Ct, 06511",-72.923485,41.3138,3701169,L,9,9,361402,1003,09009361402,NA,NA,NA
244 0365 00200,PABX,00031 HILLHOUSE AV,Yale University,NA,5646/115,1.01,158900,852180,1011080,1011080,57,"00031 HILLHOUSE AV, New Haven, CT",Match,Exact,"31 Hillhouse Ave, New Haven, Ct, 06511",-72.92341,41.313942,3701169,R,9,9,361402,1002,09009361402,NA,NA,NA
280 0249 02702,PABX,00032 EDGEWOOD AV,Yale University,NA,0/0,1.69,1439830,28323960,29763790,29763790,58,"00032 EDGEWOOD AV, New Haven, CT",Match,Exact,"32 Edgewood Ave, New Haven, Ct, 06511",-72.93397,41.310417,3700440,L,9,9,361401,3008,09009361401,NA,NA,NA
244 0364 00600,PABX,00034 HILLHOUSE AV,Yale University,NA,0/0,0.77,376460,5558980,5935440,5935440,59,"00034 HILLHOUSE AV, New Haven, CT",Match,Exact,"34 Hillhouse Ave, New Haven, Ct, 06511",-72.92344,41.313908,3701169,L,9,9,361402,1003,09009361402,NA,NA,NA
263 0137 00100,PABX,00035 COLLEGE ST,Yale University,NA,4928/226,1.94,1143030,3195500,4338530,4338530,60,"00035 COLLEGE ST, New Haven, CT",Match,Exact,"35 College St, New Haven, Ct, 06510",-72.932106,41.302696,3701238,R,9,9,140300,2011,09009140300,NA,NA,NA
244 0365 00400,PABX,00037 HILLHOUSE AV,Yale University,NA,0/0,0.35,139090,663250,802340,802340,61,"00037 HILLHOUSE AV, New Haven, CT",Match,Exact,"37 Hillhouse Ave, New Haven, Ct, 06511",-72.92335,41.314095,3701169,R,9,9,361402,1002,09009361402,NA,NA,NA
244 0364 00500,PABX,00038 HILLHOUSE AV,Yale University,NA,0/0,0.78,188650,25117260,25305910,25305910,62,"00038 HILLHOUSE AV, New Haven, CT",Match,Exact,"38 Hillhouse Ave, New Haven, Ct, 06511",-72.92339,41.31402,3701169,L,9,9,361402,1003,09009361402,NA,NA,NA
264 0120 00900,PABX,00039 PRINCE ST,Yale University,NA,8314/77,0.24,34860,0,34860,34860,63,"00039 PRINCE ST, New Haven, CT",Match,Exact,"39 Prince St, New Haven, Ct, 06519",-72.930435,41.30158,3744444,L,9,9,140300,2017,09009140300,NA,NA,NA
377 1080 00500,PABX,00040 CENTRAL AV,Yale University,NA,0/0,6,799470,1734460,2533930,2533930,64,"00040 CENTRAL AV, New Haven, CT",Tie,NA,"40 Central Ave, New Haven, Ct, 06515",-72.96362,41.31139,NA,NA,NA,NA,NA,NA,09009141000,"40 CENTRAL AVE, NEW HAVEN, CT, 06515",FALSE,FALSE
296 0328 01900,PABX,00040 DIXWELL AV,Yale University,NA,8314/220,0.33,208250,0,208250,208250,65,"00040 DIXWELL AV, New Haven, CT",Match,Exact,"40 Dixwell Ave, New Haven, Ct, 06511",-72.932625,41.314404,3701067,L,9,9,141600,3010,09009141600,NA,NA,NA
277 0123 01700,PABX,00040 GILBERT ST,Yale University,NA,4456/296,0.1,92540,6720,99260,99260,66,"00040 GILBERT ST, New Haven, CT",Match,Exact,"40 Gilbert St, New Haven, Ct, 06519",-72.93397,41.300972,3701250,L,9,9,140300,2022,09009140300,NA,NA,NA
244 0365 00500,PABX,00043 HILLHOUSE AV,Yale University,NA,0/0,0.38,210490,2827440,3037930,3037930,67,"00043 HILLHOUSE AV, New Haven, CT",Match,Exact,"43 Hillhouse Ave, New Haven, Ct, 06511",-72.92329,41.314243,3701169,R,9,9,361402,1002,09009361402,NA,NA,NA
244 0364 00400,PABX,00046 HILLHOUSE AV,Yale University,NA,3032/146,1.82,349440,1255870,1605310,1605310,68,"00046 HILLHOUSE AV, New Haven, CT",Match,Exact,"46 Hillhouse Ave, New Haven, Ct, 06511",-72.9233,41.314236,3701169,L,9,9,361402,1003,09009361402,NA,NA,NA
244 0365 00600,PABX,00047 HILLHOUSE AV,Yale University,NA,0/0,0.37,209720,0,209720,209720,69,"00047 HILLHOUSE AV, New Haven, CT",Match,Exact,"47 Hillhouse Ave, New Haven, Ct, 06511",-72.92324,41.314346,3701169,R,9,9,361402,1002,09009361402,NA,NA,NA
296 0328 02200,PABX,00049 GOFFE ST,Yale University,NA,8608/74,0.32,65590,0,65590,65590,70,"00049 GOFFE ST, New Haven, CT",Match,Exact,"49 Goffe St, New Haven, Ct, 06511",-72.93346,41.314182,3700394,R,9,9,141600,3010,09009141600,NA,NA,NA
281 0329 00300,PABX,00050 ASHMUN ST,Yale University,NA,0/0,0.65,777140,75810,852950,852950,71,"00050 ASHMUN ST, New Haven, CT",Match,Exact,"50 Ashmun St, New Haven, Ct, 06511",-72.928635,41.314236,3701102,L,9,9,361402,1009,09009361402,NA,NA,NA
256 0393 00300,PABX,00050 DIVISION ST,Yale University,NA,9764/201,2.9,533960,2931390,3465350,3465350,72,"00050 DIVISION ST, New Haven, CT",Match,Exact,"50 Division St, New Haven, Ct, 06511",-72.92454,41.325016,3699818,L,9,9,141800,3004,09009141800,NA,NA,NA
259 0330 00100,PABX,00050 TOWER PKWY,Yale University,NA,0/0,2,1571150,15928570,17499720,17499720,73,"00050 TOWER PKWY, New Haven, CT",Match,Exact,"50 Tower Pkwy, New Haven, Ct, 06511",-72.93151,41.313103,3701082,L,9,9,361402,1007,09009361402,NA,NA,NA
244 0365 00700,PABX,00051 HILLHOUSE AV,Yale University,NA,0/0,0.39,140560,2255960,2396520,2396520,74,"00051 HILLHOUSE AV, New Haven, CT",Match,Exact,"51 Hillhouse Ave, New Haven, Ct, 06511",-72.9232,41.314445,3701169,R,9,9,361402,1002,09009361402,NA,NA,NA
244 0365 00800,PABX,00055 HILLHOUSE AV,Yale University,NA,0/0,0.63,220500,1819160,2039660,2039660,75,"00055 HILLHOUSE AV, New Haven, CT",Match,Exact,"55 Hillhouse Ave, New Haven, Ct, 06511",-72.92316,41.314545,3701169,R,9,9,361402,1002,09009361402,NA,NA,NA
223 0382 00170,PABX,00055 WHITNEY AV 3,Yale University,NA,6170/170,0,0,1106280,1106280,1106280,76,"00055 WHITNEY AV 3, New Haven, CT",No_Match,NA,"55 Whitney Ave, New Haven, Ct, 06510",-72.92213,41.311886,NA,NA,NA,NA,NA,NA,09009142000,"55 WHITNEY AVE, NEW HAVEN, CT, 06510",FALSE,FALSE
223 0382 00171,PABX,00055 WHITNEY AV 4,Yale University,NA,6170/170,0,0,2138080,2138080,2138080,77,"00055 WHITNEY AV 4, New Haven, CT",No_Match,NA,"56 Whitney Ave, New Haven, Ct, 06510",-72.92213,41.311887,NA,NA,NA,NA,NA,NA,09009142001,"56 WHITNEY AVE, NEW HAVEN, CT, 06510",FALSE,FALSE
223 0382 00172,PABX,00055 WHITNEY AV 5,Yale University,NA,6170/170,0,0,2429210,2429210,2429210,78,"00055 WHITNEY AV 5, New Haven, CT",No_Match,NA,"57 Whitney Ave, New Haven, Ct, 06510",-72.92213,41.311888,NA,NA,NA,NA,NA,NA,9009142002,"57 WHITNEY AVE, NEW HAVEN, CT, 06510",FALSE,FALSE
223 0382 00173,PABX,00055 WHITNEY AV 6,Yale University,NA,6170/170,0,0,2431870,2431870,2431870,79,"00055 WHITNEY AV 6, New Haven, CT",No_Match,NA,"58 Whitney Ave, New Haven, Ct, 06510",-72.92213,41.311889,NA,NA,NA,NA,NA,NA,09009142003,"58 WHITNEY AVE, NEW HAVEN, CT, 06510",FALSE,FALSE
223 0382 00174,PABX,00055 WHITNEY AV 7,Yale University,NA,6171/170,0,0,1572620,1572620,1572620,80,"00055 WHITNEY AV 7, New Haven, CT",No_Match,NA,"59 Whitney Ave, New Haven, Ct, 06510",-72.92213,41.311890,NA,NA,NA,NA,NA,NA,09009142004,"59 WHITNEY AVE, NEW HAVEN, CT, 06510",FALSE,FALSE
223 0334 01603,PABX,00058 WHITNEY AV,Yale University,NA,3408/20,0.11,194390,415660,610050,610050,81,"00058 WHITNEY AV, New Haven, CT",No_Match,NA,"60 Whitney Ave, New Haven, Ct, 06510",-72.92212,41.311943,NA,NA,NA,NA,NA,NA,09009142000,"60 WHITNEY AVE, NEW HAVEN, CT, 06510",FALSE,FALSE
281 0329 00203,PABX,00060 ASHMUN ST,Yale University,NA,0/0,0.09,108080,5320,113400,113400,82,"00060 ASHMUN ST, New Haven, CT",Match,Exact,"60 Ashmun St, New Haven, Ct, 06511",-72.9287,41.31454,3701098,L,9,9,361402,1007,09009361402,NA,NA,NA
261 0252 00200,PABX,00061 HIGH ST,Yale University,NA,5150/1,2.93,2301740,20275780,22577520,22577520,83,"00061 HIGH ST, New Haven, CT",Tie,NA,"1 High St, New Haven, Ct, 06510",-72.9290981,41.3088844,NA,NA,NA,NA,NA,NA,09009361401,"1 HIGH ST, NEW HAVEN, CT, 06510",FALSE,FALSE
281 0329 00202,PABX,00064 ASHMUN ST,Yale University,NA,0/0,0.09,108080,5460,113540,113540,84,"00064 ASHMUN ST, New Haven, CT",Match,Exact,"64 Ashmun St, New Haven, Ct, 06511",-72.92872,41.314606,3701098,L,9,9,361402,1007,09009361402,NA,NA,NA
377 1079 00200,PABX,00067 CENTRAL AV,Yale University,NA,0/0,4.02,722540,4758530,5481070,5481070,85,"00067 CENTRAL AV, New Haven, CT",Tie,NA,"67 Central Ave, New Haven, Ct, 06515",-72.96366,41.311108,NA,NA,NA,NA,NA,NA,09009141000,"67 CENTRAL AVE, NEW HAVEN, CT, 06515",FALSE,FALSE
281 0329 00201,PABX,00068 ASHMUN ST,Yale University,NA,0/0,0.11,132090,6720,138810,138810,86,"00068 ASHMUN ST, New Haven, CT",Match,Exact,"68 Ashmun St, New Haven, Ct, 06511",-72.92874,41.314667,3701098,L,9,9,361402,1007,09009361402,NA,NA,NA
258 0359 01000,PABX,00068 MANSFIELD ST,Yale University,NA,0/0,0.32,81200,256760,337960,337960,87,"00068 MANSFIELD ST, New Haven, CT",Match,Exact,"68 Mansfield St, New Haven, Ct, 06511",-72.92577,41.31701,637983857,L,9,9,141600,1004,09009141600,NA,NA,NA
223 0334 01602,PABX,00068 WHITNEY AV,Yale University,NA,3408/20,0.04,106890,106260,213150,213150,88,"00068 WHITNEY AV, New Haven, CT",No_Match,NA,"68 Whitney Ave, New Haven, Ct, 06510",-72.92211,41.31197,NA,NA,NA,NA,NA,NA,09009142000,"68 WHITNEY AVE, NEW HAVEN, CT, 06510",FALSE,FALSE
296 0328 02400,PABX,00069 GOFFE ST,Yale University,NA,6134/167,0.57,76020,162470,238490,238490,89,"00069 GOFFE ST, New Haven, CT",Match,Exact,"69 Goffe St, New Haven, Ct, 06511",-72.93377,41.314514,3700394,R,9,9,141600,3010,09009141600,NA,NA,NA
258 1294 00100,PABX,00070 SACHEM ST,Yale University,NA,9172/313,6.51,3451210,398439300,401890510,401890510,90,"00070 SACHEM ST, New Haven, CT",Match,Exact,"70 Sachem St, New Haven, Ct, 06511",-72.92206,41.315704,3701170,L,9,9,361402,1002,09009361402,NA,NA,NA
281 0329 00600,PABX,00070 YORK SQUARE PL,Yale University,NA,0/0,6.37,7649110,53202170,60851280,60851280,91,"00070 YORK SQUARE PL, New Haven, CT",Match,Exact,"70 York Sq, New Haven, Ct, 06511",-72.9294,41.31414,637983901,L,9,9,361402,1007,09009361402,NA,NA,NA
281 0329 00200,PABX,00074 ASHMUN ST,Yale University,NA,0/0,0.13,156100,17150,173250,173250,92,"00074 ASHMUN ST, New Haven, CT",Match,Exact,"74 Ashmun St, New Haven, Ct, 06511",-72.928764,41.314766,3701098,L,9,9,361402,1007,09009361402,NA,NA,NA
243 0289 00702,PABX,00074 WALL ST,Yale University,NA,0/0,0.05,232610,0,232610,232610,93,"00074 WALL ST, New Haven, CT",Match,Exact,"74 Wall St, New Haven, Ct, 06511",-72.9242,41.309853,3701191,L,9,9,361402,2007,09009361402,NA,NA,NA
243 0289 00701,PABX,00076 WALL ST,Yale University,NA,0/0,0.04,196840,0,196840,196840,94,"00076 WALL ST, New Haven, CT",Match,Exact,"76 Wall St, New Haven, Ct, 06511",-72.924286,41.30989,3701191,L,9,9,361402,2007,09009361402,NA,NA,NA
281 0329 00100,PABX,00078 ASHMUN ST,Yale University,NA,9424/179,0.05,21140,104440,125580,125580,95,"00078 ASHMUN ST, New Haven, CT",Match,Exact,"78 Ashmun St, New Haven, Ct, 06511",-72.92878,41.314827,3701098,L,9,9,361402,1007,09009361402,NA,NA,NA
243 0289 00700,PABX,00078 WALL ST,Yale University,NA,0/0,0.04,196840,0,196840,196840,96,"00078 WALL ST, New Haven, CT",Match,Exact,"78 Wall St, New Haven, Ct, 06511",-72.92438,41.30993,3701191,L,9,9,361402,2007,09009361402,NA,NA,NA
243 0289 00600,PABX,00080 WALL ST,Yale University,NA,0/0,0.14,543060,1522850,2065910,2065910,97,"00080 WALL ST, New Haven, CT",Match,Exact,"80 Wall St, New Haven, Ct, 06511",-72.92461,41.310028,3701183,L,9,9,361402,2006,09009361402,NA,NA,NA
243 0289 00401,PABX,00082 WALL ST,Yale University,NA,2368/748,0.15,215040,801570,1016610,1016610,98,"00082 WALL ST, New Haven, CT",Match,Exact,"82 Wall St, New Haven, Ct, 06511",-72.92467,41.310055,3701183,L,9,9,361402,2006,09009361402,NA,NA,NA
244 0365 01500,PABX,00085 TRUMBULL ST,Yale University,NA,0/0,0.19,194460,0,194460,194460,99,"00085 TRUMBULL ST, New Haven, CT",Match,Exact,"85 Trumbull St, New Haven, Ct, 06511",-72.92369,41.313587,3701167,R,9,9,361402,1003,09009361402,NA,NA,NA
243 0289 00301,PABX,00086 WALL ST,Yale University,NA,2446/205,0.07,158760,237510,396270,396270,100,"00086 WALL ST, New Haven, CT",Match,Exact,"86 Wall St, New Haven, Ct, 06511",-72.9248,41.310112,3701183,L,9,9,361402,2006,09009361402,NA,NA,NA
296 0328 02800,PABX,00087 GOFFE ST,Yale University,NA,7353/100,0.27,63490,178710,242200,242200,101,"00087 GOFFE ST, New Haven, CT",Match,Exact,"87 Goffe St, New Haven, Ct, 06511",-72.93407,41.314808,3700394,R,9,9,141600,3010,09009141600,NA,NA,NA
244 0364 00900,PABX,00087 TRUMBULL ST,Yale University,NA,0/0,0.11,122570,427210,549780,549780,102,"00087 TRUMBULL ST, New Haven, CT",Match,Exact,"87 Trumbull St, New Haven, Ct, 06511",-72.92386,41.313618,3701167,R,9,9,361402,1003,09009361402,NA,NA,NA
244 0333 00600,PABX,00088 TRUMBULL ST,Yale University,NA,0/0,0.17,191310,11410,202720,202720,103,"00088 TRUMBULL ST, New Haven, CT",Match,Exact,"88 Trumbull St, New Haven, Ct, 06511",-72.922646,41.31332,3701172,L,9,9,361402,1013,09009361402,NA,NA,NA
296 0328 02900,PABX,00089 GOFFE ST,Yale University,NA,8704/11,0.23,61460,26810,88270,88270,104,"00089 GOFFE ST, New Haven, CT",Match,Exact,"89 Goffe St, New Haven, Ct, 06511",-72.9341,41.31484,3700394,R,9,9,141600,3010,09009141600,NA,NA,NA
244 0364 01000,PABX,00089 TRUMBULL ST,Yale University,NA,0/0,0.07,132160,2645090,2777250,2777250,105,"00089 TRUMBULL ST, New Haven, CT",Match,Exact,"89 Trumbull St, New Haven, Ct, 06511",-72.924034,41.313652,3701167,R,9,9,361402,1003,09009361402,NA,NA,NA
243 0289 00201,PABX,00090 WALL ST,Yale University,NA,2368/748,0.04,112420,122710,235130,235130,106,"00090 WALL ST, New Haven, CT",Match,Exact,"90 Wall St, New Haven, Ct, 06511",-72.92493,41.310165,3701183,L,9,9,361402,2006,09009361402,NA,NA,NA
244 0364 00100,PABX,00091 TRUMBULL ST,Yale University,NA,0/0,0.2,156660,2575510,2732170,2732170,107,"00091 TRUMBULL ST, New Haven, CT",Match,Exact,"91 Trumbull St, New Haven, Ct, 06511",-72.92421,41.313683,3701167,R,9,9,361402,1003,09009361402,NA,NA,NA
281 0350 00300,PABX,00096 ASHMUN ST,Yale University,NA,9156/26,0.09,20860,0,20860,20860,108,"00096 ASHMUN ST, New Haven, CT",Match,Exact,"96 Ashmun St, New Haven, Ct, 06511",-72.928856,41.315117,3701098,L,9,9,361402,1007,09009361402,NA,NA,NA
281 0350 00200,PABX,00100 ASHMUN ST,Yale University,NA,9156/26,0.09,41930,175840,217770,217770,109,"00100 ASHMUN ST, New Haven, CT",Match,Exact,"100 Ashmun St, New Haven, Ct, 06511",-72.929,41.315685,3701089,L,9,9,141600,4014,09009141600,NA,NA,NA
264 0103 00100,PABX,00100 CHURCH ST SOUTH,Yale University,NA,8312/302,4.64,2089360,6688640,8778000,8778000,110,"00100 CHURCH ST SOUTH, New Haven, CT",Tie,NA,"100 Church St, New Haven, Ct, 06510",-72.926,41.305725,NA,NA,NA,NA,NA,NA,09009140101,"100 CHURCH ST, NEW HAVEN, CT, 06510",FALSE,FALSE
258 0353 01200,PABX,00101 ASHMUN ST,Yale University,NA,8709/7,1.1,710360,144786250,145496610,145496610,111,"00101 ASHMUN ST, New Haven, CT",Match,Exact,"101 Ashmun St, New Haven, Ct, 06511",-72.92903,41.315853,3701089,R,9,9,141600,4012,09009141600,NA,NA,NA
264 0121 00403,PABX,00104 WASHINGTON AV,Amistad Partners Llc,NA,6655/94,2.09,51310,0,51310,51310,112,"00104 WASHINGTON AV, New Haven, CT",Tie,NA,"104 Washington Ave, New Haven, Ct, 06519",-72.93217,41.301437,NA,NA,NA,NA,NA,NA,09009140300,"104 WASHINGTON AVE, NEW HAVEN, CT, 06519",TRUE,FALSE
260 0309 00400,PABX,00109 WALL ST,Yale University,NA,0/0,0.66,759570,1883140,2642710,2642710,113,"00109 WALL ST, New Haven, CT",Match,Exact,"109 Wall St, New Haven, Ct, 06511",-72.92678,41.310986,3701136,R,9,9,361402,2002,09009361402,NA,NA,NA
260 0288 00101,PABX,00110 WALL ST,Yale University,NA,0/0,1.34,1052660,0,1052660,1052660,114,"00110 WALL ST, New Haven, CT",Match,Exact,"110 Wall St, New Haven, Ct, 06511",-72.92556,41.310444,3701183,L,9,9,361402,2006,09009361402,NA,NA,NA
223 0334 00100,PABX,00111 GROVE ST,Yale University,NA,0/0,0.47,862120,3141320,4003440,4003440,115,"00111 GROVE ST, New Haven, CT",Match,Exact,"111 Grove St, New Haven, Ct, 06510",-72.923195,41.310722,3701201,R,9,9,142000,3008,09009142000,NA,NA,NA
260 0288 00104,PABX,00115 HIGH ST,Yale University,NA,5150/5,0.49,2352350,26753720,29106070,29106070,116,"00115 HIGH ST, New Haven, CT",Tie,NA,"115 High St, New Haven, Ct, 06511",-72.92856,41.31039,NA,NA,NA,NA,NA,NA,09009361402,"115 HIGH ST, NEW HAVEN, CT, 06511",FALSE,FALSE
260 0287 00101,PABX,00120 HIGH ST,Yale University,NA,0/0,1.29,1013390,97970320,98983710,98983710,117,"00120 HIGH ST, New Haven, CT",Tie,NA,"120 High St, New Haven, Ct, 06511",-72.92853,41.310463,NA,NA,NA,NA,NA,NA,09009361402,"120 HIGH ST, NEW HAVEN, CT, 06511",FALSE,FALSE
260 0288 00100,PABX,00121 HIGH ST,Yale University,NA,0/0,0.43,672980,15571080,16244060,16244060,118,"00121 HIGH ST, New Haven, CT",Match,Exact,"121 High St, New Haven, Ct, 06511",-72.92851,41.310455,3701135,R,9,9,361402,2005,09009361402,NA,NA,NA
260 0309 00500,PABX,00121 WALL ST,Yale University,NA,0/0,0.77,799540,45535980,46335520,46335520,119,"00121 WALL ST, New Haven, CT",Match,Exact,"121 Wall St, New Haven, Ct, 06511",-72.92757,41.311314,3701136,R,9,9,361402,2002,09009361402,NA,NA,NA
241 0204 00100,PABX,00123 COLLEGE ST,W E 135 College Street Llc,NA,9375/229,1.12,1099770,5263300,6363070,6363070,120,"00123 COLLEGE ST, New Haven, CT",Match,Exact,"123 College St, New Haven, Ct, 06510",-72.93067,41.304573,3701264,R,9,9,140100,1022,09009140100,NA,NA,NA
244 0333 00100,PABX,00131 GROVE ST,Yale University,NA,0/0,0.5,872550,5627300,6499850,6499850,121,"00131 GROVE ST, New Haven, CT",Match,Exact,"131 Grove St, New Haven, Ct, 06511",-72.922806,41.310562,3701201,R,9,9,142000,3008,09009142000,NA,NA,NA
278 0133 02900,PABX,00134 DAVENPORT AV,Yale University,NA,0/0,0.11,31780,162120,193900,193900,122,"00134 DAVENPORT AV, New Haven, CT",Match,Exact,"134 Davenport Ave, New Haven, Ct, 06519",-72.93763,41.30276,3700528,L,9,9,140600,2001,09009140600,NA,NA,NA
244 0364 00200,PABX,00135 PROSPECT ST,Yale University,NA,0/0,1.72,1084160,9287740,10371900,10371900,123,"00135 PROSPECTST, New Haven, CT",Match,Exact,"135 Prospect St, New Haven, Ct, 06511",-72.92379,41.318176,618696080,R,9,9,361402,1000,09009361402,NA,NA,NA
261 0231 00200,PABX,00139 YORK ST,Yale University,NA,0/0,0.09,501270,530600,1031870,1031870,124,"00139 YORK ST, New Haven, CT",Match,Exact,"139 York St, New Haven, Ct, 06511",-72.93242,41.30734,3701124,R,9,9,361401,1004,09009361401,NA,NA,NA
260 0308 00100,PABX,00140 HIGH ST,Yale University,NA,0/0,2.2,1728230,56792890,58521120,58521120,125,"00140 HIGH ST, New Haven, CT",Tie,NA,"140 High St, New Haven, Ct, 06511",-72.92837,41.31068,NA,NA,NA,NA,NA,NA,09009361402,"140 HIGH ST, NEW HAVEN, CT, 06511",FALSE,FALSE
243 0289 01300,PABX,00143 ELM ST,Yale University,NA,0/0,0.22,582470,590800,1173270,1173270,126,"00143 ELM ST, New Haven, CT",Match,Exact,"143 Elm St, New Haven, Ct, 06511",-72.92576,41.30891,3701185,R,9,9,361402,2006,09009361402,NA,NA,NA
243 0289 01400,PABX,00149 ELM ST,Yale University,NA,0/0,0.28,608930,975310,1584240,1584240,127,"00149 ELM ST, New Haven, CT",Match,Exact,"149 Elm St, New Haven, Ct, 06511",-72.92594,41.308983,3701185,R,9,9,361402,2006,09009361402,NA,NA,NA
261 0231 00300,PABX,00149 YORK ST,Yale University,NA,0/0,0.6,739060,1672090,2411150,2411150,128,"00149 YORK ST, New Haven, CT",Match,Exact,"149 York St, New Haven, Ct, 06511",-72.9323,41.307503,3701124,R,9,9,361401,1004,09009361401,NA,NA,NA
249 0457 00200,PABX,00150 HIGHLAND ST,Yale University,NA,0/0,0.17,128100,352170,480270,480270,129,"00150 HIGHLAND ST, New Haven, CT",Match,Exact,"150 Highland St, New Haven, Ct, 06511",-72.9206,41.328426,3699826,L,9,9,141800,1016,09009141800,NA,NA,NA
257 0354 00100,PABX,00150 MUNSON ST,We 150 Munson Llc,NA,9156/329,1.75,985950,18984126,19970076,19970076,130,"00150 MUNSON ST, New Haven, CT",Match,Exact,"150 Munson St, New Haven, Ct, 06511",-72.92905,41.32152,641101215,L,9,9,141600,1001,09009141600,NA,NA,NA
377 1079 00120,PABX,00150 YALE AV,Yale University,NA,0/0,10.4,1495410,59995670,61491080,61491080,131,"00150 YALE AV, New Haven, CT",Match,Exact,"150 Yale Ave, New Haven, Ct, 06515",-72.95938,41.315155,3697716,L,9,9,141000,2016,09009141000,NA,NA,NA
280 0230 01005,PABX,00150 YORK ST,Yale University,NA,5083/253,0.74,1106840,4714570,5821410,5821410,132,"00150 YORK ST, New Haven, CT",Match,Exact,"150 York St, New Haven, Ct, 06511",-72.93207,41.30782,3701124,L,9,9,361401,1005,09009361401,NA,NA,NA
277 0114 00100,PABX,00156 WASHINGTON AV,Beta 14 Llc,NA,8404/297,0.04,36540,0,36540,36540,133,"00156 WASHINGTON AV, New Haven, CT",Tie,NA,"156 Washington Ave, New Haven, Ct, 06519",-72.9328,41.3009,NA,NA,NA,NA,NA,NA,09009140300,"156 WASHINGTON AVE, NEW HAVEN, CT, 06519",FALSE,TRUE
244 0365 00900,PABX,00158 WHITNEY AV,Yale University,NA,0/0,0.93,263830,10964590,11228420,11228420,134,"00158 WHITNEY AV, New Haven, CT",No_Match,NA,"158 Whitney Ave, New Haven, Ct, 06510",-72.92097,41.315224,NA,NA,NA,NA,NA,NA,09009361402,"158 WHITNEY AVE, NEW HAVEN, CT, 06510",FALSE,FALSE
247 0395 01600,PABX,00160 SAINT RONAN ST,Yale University,NA,9088/262,0.53,144970,366310,511280,511280,135,"00160 SAINT RONAN ST, New Haven, CT",Match,Exact,"160 Saint Ronan St, New Haven, Ct, 06511",-72.92015,41.320656,3699984,L,9,9,141800,2001,09009141800,NA,NA,NA
377 1079 00100,PABX,00165 CENTRAL AV,Yale University,NA,0/0,12.65,1818880,3489080,5307960,5307960,136,"00165 CENTRAL AV, New Haven, CT",Tie,NA,"165 Central Ave, New Haven, Ct, 06515",-72.96391,41.313652,NA,NA,NA,NA,NA,NA,09009141000,"165 CENTRAL AVE, NEW HAVEN, CT, 06515",FALSE,FALSE
243 0289 01600,PABX,00165 ELM ST,Yale University,NA,9115/158,0.99,851830,36460550,37312380,37312380,137,"00165 ELM ST, New Haven, CT",Match,Exact,"165 Elm St, New Haven, Ct, 06511",-72.92643,41.309185,3701185,R,9,9,361402,2006,09009361402,NA,NA,NA
245 0363 00100,PABX,00165 PROSPECT ST,Yale University,NA,0/0,4.11,2590700,58180360,60771060,60771060,138,"00165 PROSPECTST, New Haven, CT",Match,Exact,"165 Prospect St, New Haven, Ct, 06511",-72.92373,41.31839,618696080,R,9,9,361402,1000,09009361402,NA,NA,NA
244 0332 00100,PABX,00173 GROVE ST,Yale University,NA,0/0,0.59,1156330,14246050,15402380,15402380,139,"00173 GROVE ST, New Haven, CT",Match,Exact,"173 Grove St, New Haven, Ct, 06511",-72.92335,41.310787,3701201,R,9,9,142000,3008,09009142000,NA,NA,NA
277 0114 02400,PABX,00174 WASHINGTON AV,Beta 14 Llc,NA,8404/303,0.16,49980,0,49980,49980,140,"00174 WASHINGTON AV, New Haven, CT",Tie,NA,"174 Washington Ave, New Haven, Ct, 06519",-72.93317,41.3006,NA,NA,NA,NA,NA,NA,09009140300,"174 WASHINGTON AVE, NEW HAVEN, CT, 06519",FALSE,TRUE
222 0375 00201,PABX,00175 WHITNEY AV,Yale University,NA,0/0,4.4,3268230,114077880,117346110,117346110,141,"00175 WHITNEY AV, New Haven, CT",Match,Exact,"175 Whitney Ave, New Haven, Ct, 06510",-72.91997,41.31734,637984016,R,9,9,142000,3002,09009142000,NA,NA,NA
277 0114 02200,PABX,00180 WASHINGTON AV,Beta 14 Llc,NA,8404/326,0.15,49420,0,49420,49420,142,"00180 WASHINGTON AV, New Haven, CT",Tie,NA,"180 Washington Ave, New Haven, Ct, 06519",-72.933235,41.30054,NA,NA,NA,NA,NA,NA,09009140300,"180 WASHINGTON AVE, NEW HAVEN, CT, 06519",FALSE,TRUE
245 0363 01200,PABX,00180 WHITNEY AV,Yale University,NA,0/0,6.19,4597810,51497460,56095270,56095270,143,"00180 WHITNEY AV, New Haven, CT",No_Match,NA,"180 Whitney Ave, New Haven, Ct, 06511",-72.920395,41.31646,NA,NA,NA,NA,NA,NA,09009361402,"180 WHITNEY AVE, NEW HAVEN, CT, 06511",FALSE,FALSE
257 0354 00300,PABX,00182 WINCHESTER AV,Yale University,NA,8362/106,1.38,101640,0,101640,101640,144,"00182 WINCHESTER AV, New Haven, CT",Match,Exact,"182 Winchester Ave, New Haven, Ct, 06511",-72.92731,41.318043,3701094,L,9,9,141600,1001,09009141600,NA,NA,NA
280 0250 02500,PABX,00182 YORK ST,Yale University,NA,5150/1,0.42,666400,29390760,30057160,30057160,145,"00182 YORK ST, New Haven, CT",Match,Exact,"182 York St, New Haven, Ct, 06511",-72.93143,41.308678,3701131,L,9,9,361401,3007,09009361401,NA,NA,NA
263 0125 00800,PABX,00184 LIBERTY ST,Yale University,NA,3872/107,1.07,2338420,21833140,24171560,24171560,146,"00184 LIBERTY ST, New Haven, CT",Match,Exact,"184 Liberty St, New Haven, Ct, 06519",-72.932655,41.301586,637860456,L,9,9,140300,2020,09009140300,NA,NA,NA
264 0120 00800,PABX,00188 LAFAYETTE ST,Yale University,NA,9599/156,0.09,31080,0,31080,31080,147,"00188 LAFAYETTE ST, New Haven, CT",Match,Exact,"188 Lafayette St, New Haven, Ct, 06519",-72.93051,41.302105,3744443,L,9,9,140300,2017,09009140300,NA,NA,NA
260 0288 00103,PABX,00189 ELM ST,Yale University,NA,0/0,1.62,1361500,67636030,68997530,68997530,148,"00189 ELM ST, New Haven, CT",Match,Exact,"189 Elm St, New Haven, Ct, 06511",-72.927536,41.309643,638551938,R,9,9,361402,2005,09009361402,NA,NA,NA
277 0114 02100,PABX,00192 WASHINGTON AV,Beta 14 Llc,NA,8404/339,0.12,47320,0,47320,47320,149,"00192 WASHINGTON AV, New Haven, CT",Tie,NA,"192 Washington Ave, New Haven, Ct, 06519",-72.93337,41.300426,NA,NA,NA,NA,NA,NA,09009140300,"192 WASHINGTON AVE, NEW HAVEN, CT, 06519",FALSE,TRUE
280 0250 02400,PABX,00194 YORK ST,Yale University,NA,0/0,0.18,216790,0,216790,216790,150,"00194 YORK ST, New Haven, CT",Match,Exact,"194 York St, New Haven, Ct, 06511",-72.93126,41.308914,3701131,L,9,9,361401,3007,09009361401,NA,NA,NA
264 0120 00700,PABX,00196 LAFAYETTE ST,Yale University,NA,9599/156,0.05,24640,0,24640,24640,151,"00196 LAFAYETTE ST, New Haven, CT",Match,Exact,"196 Lafayette St, New Haven, Ct, 06519",-72.930534,41.30213,3744443,L,9,9,140300,2017,09009140300,NA,NA,NA
261 0251 00101,PABX,00197 YORK ST,Yale University,NA,0/0,2.33,1830360,39045230,40875590,40875590,152,"00197 YORK ST, New Haven, CT",Match,Exact,"197 York St, New Haven, Ct, 06511",-72.931694,41.308285,3701124,R,9,9,361401,1004,09009361401,NA,NA,NA
447 1252 00301,PABX,00200 CONRAD DR,Yale University,NA,0/0,203.58,7638330,0,7638330,7638330,153,"00200 CONRAD DR, New Haven, CT",Match,Exact,"200 Conrad Dr, New Haven, Ct, 06515",-72.98084,41.32013,3697243,L,9,9,141100,1009,09009141100,NA,NA,NA
261 0252 00301,PABX,00200 ELM ST,Yale University,NA,0/0,0.29,612010,8685180,9297190,9297190,154,"00200 ELM ST, New Haven, CT",Match,Exact,"200 Elm St, New Haven, Ct, 06511",-72.928154,41.309883,638551938,L,9,9,361401,1002,09009361401,NA,NA,NA
246 0362 00102,PABX,00200 PROSPECT ST,Yale University,NA,0/0,8.56,2161460,23087190,25248650,25248650,155,"00200 PROSPECTST, New Haven, CT",Match,Exact,"200 Prospect St, New Haven, Ct, 06511",-72.924324,41.31627,618696079,L,9,9,361402,1001,09009361402,NA,NA,NA
280 0250 02300,PABX,00200 YORK ST,Yale University,NA,5212/200,0.11,196840,26833240,27030080,27030080,156,"00200 YORK ST, New Haven, CT",Match,Exact,"200 York St, New Haven, Ct, 06511",-72.931175,41.309032,3701131,L,9,9,361401,3007,09009361401,NA,NA,NA
261 0251 00200,PABX,00201 YORK ST,Yale University,NA,0/0,3.48,2733780,61056380,63790160,63790160,157,"00201 YORK ST, New Haven, CT",Match,Exact,"201 York St, New Haven, Ct, 06511",-72.931465,41.308594,3701131,R,9,9,361401,1003,09009361401,NA,NA,NA
280 0250 02210,PABX,00202 YORK ST,Yale University,NA,0/0,0.07,186410,465850,652260,652260,158,"00202 YORK ST, New Haven, CT",Match,Exact,"202 York St, New Haven, Ct, 06511",-72.931145,41.30907,3701131,L,9,9,361401,3007,09009361401,NA,NA,NA
280 0250 00300,PABX,00205 PARK ST,Yale University,NA,0/0,0.13,134260,1190700,1324960,1324960,159,"00205 PARK ST, New Haven, CT",Match,Exact,"205 Park St, New Haven, Ct, 06511",-72.933464,41.30899,3701115,R,9,9,361401,3007,09009361401,NA,NA,NA
280 0250 00301,PABX,00205 PARK ST,Yale University,NA,0/0,0,4130,0,4130,4130,160,"00205 PARK ST, New Haven, CT",Match,Exact,"205 Park St, New Haven, Ct, 06511",-72.933464,41.30899,3701115,R,9,9,361401,3007,09009361401,NA,NA,NA
264 0120 00500,PABX,00206 LAFAYETTE ST,Yale University,NA,8314/77,0.23,34720,0,34720,34720,161,"00206 LAFAYETTE ST, New Haven, CT",Match,Exact,"206 Lafayette St, New Haven, Ct, 06519",-72.93056,41.302162,3744443,L,9,9,140300,2017,09009140300,NA,NA,NA
277 0114 02000,PABX,00208 WASHINGTON AV,Beta 14 Llc,NA,8404/335,0.12,46830,0,46830,46830,162,"00208 WASHINGTON AV, New Haven, CT",Tie,NA,"208 Washington Ave, New Haven, Ct, 06519",-72.933556,41.300274,NA,NA,NA,NA,NA,NA,09009140300,"208 WASHINGTON AVE, NEW HAVEN, CT, 06519",FALSE,TRUE
260 0287 00200,PABX,00209 ELM ST,Yale University,NA,0/0,1.22,958370,24442250,25400620,25400620,163,"00209 ELM ST, New Haven, CT",Match,Exact,"209 Elm St, New Haven, Ct, 06511",-72.92885,41.31018,3701132,R,9,9,361402,2004,09009361402,NA,NA,NA
280 0250 01900,PABX,00212 YORK ST,Yale University,NA,0/0,0.2,220640,975870,1196510,1196510,164,"00212 YORK ST, New Haven, CT",Match,Exact,"212 York St, New Haven, Ct, 06511",-72.931,41.30927,3701131,L,9,9,361401,3007,09009361401,NA,NA,NA
280 0250 00400,PABX,00213 PARK ST,Yale University,NA,0/0,0.29,170310,2426270,2596580,2596580,165,"00213 PARK ST, New Haven, CT",Match,Exact,"213 Park St, New Haven, Ct, 06511",-72.93337,41.309105,3701115,R,9,9,361401,3007,09009361401,NA,NA,NA
261 0252 00300,PABX,00214 ELM ST,Yale University,NA,5150/1,1.33,1044820,15787310,16832130,16832130,166,"00214 ELM ST, New Haven, CT",Match,Exact,"214 Elm St, New Haven, Ct, 06511",-72.92842,41.309998,638551938,L,9,9,361401,1002,09009361401,NA,NA,NA
280 0250 02100,PABX,00215 PARK ST,Yale University,NA,0/0,0.21,159880,531720,691600,691600,167,"00215 PARK ST, New Haven, CT",Match,Exact,"215 Park St, New Haven, Ct, 06511",-72.93336,41.30913,3701115,R,9,9,361401,3007,09009361401,NA,NA,NA
222 0370 00500,PABX,00215 WHITNEY AV,Yale University,NA,5419/6,0.53,671020,34090,705110,705110,168,"00215 WHITNEY AV, New Haven, CT",Match,Exact,"215 Whitney Ave, New Haven, Ct, 06510",-72.919876,41.317524,637984016,R,9,9,142000,3002,09009142000,NA,NA,NA
277 0114 01900,PABX,00216 WASHINGTON AV,Beta 14 Llc,NA,8404/332,0.08,44030,0,44030,44030,169,"00216 WASHINGTON AV, New Haven, CT",Tie,NA,"216 Washington Ave, New Haven, Ct, 06519",-72.93365,41.3002,NA,NA,NA,NA,NA,NA,09009140300,"216 WASHINGTON AVE, NEW HAVEN, CT, 06519",FALSE,TRUE
280 0250 00500,PABX,00217 PARK ST,Yale University,NA,0/0,0.13,148890,522620,671510,671510,170,"00217 PARK ST, New Haven, CT",Match,Exact,"217 Park St, New Haven, Ct, 06511",-72.933334,41.309162,3701115,R,9,9,361401,3007,09009361401,NA,NA,NA
277 0114 00601,PABX,00220 WASHINGTON AV,Beta 14 Llc,NA,8405/1,0.03,24500,0,24500,24500,171,"00220 WASHINGTON AV, New Haven, CT",Tie,NA,"220 Washington Ave, New Haven, Ct, 06511",-72.933685,41.300163,NA,NA,NA,NA,NA,NA,09009140300,"220 WASHINGTON AVE, New Haven, CT, 06511",FALSE,TRUE
280 0250 01800,PABX,00220 YORK ST,Yale University,NA,0/0,0.23,224350,2859010,3083360,3083360,172,"00220 YORK ST, New Haven, CT",Match,Exact,"220 York St, New Haven, Ct, 06511",-72.93089,41.309425,3701131,L,9,9,361401,3007,09009361401,NA,NA,NA
222 0370 00600,PABX,00221 WHITNEY AV,Yale University,NA,5419/6,1,810810,6914950,7725760,7725760,173,"00221 WHITNEY AV, New Haven, CT",Match,Exact,"221 Whitney Ave, New Haven, Ct, 06510",-72.91987,41.31755,637984016,R,9,9,142000,3002,09009142000,NA,NA,NA
245 0363 00201,PABX,00223 PROSPECT ST,Yale University,NA,0/0,2.96,1865780,75367110,77232890,77232890,174,"00223 PROSPECTST, New Haven, CT",Match,Exact,"223 Prospect St, New Haven, Ct, 06511",-72.923615,41.318798,618696080,R,9,9,361402,1000,09009361402,NA,NA,NA
277 0114 01800,PABX,00224 WASHINGTON AV,Beta 14 Llc,NA,8404/343,0.09,44940,0,44940,44940,175,"00224 WASHINGTON AV, New Haven, CT",Tie,NA,"224 Washington Ave, New Haven, Ct, 06519",-72.93373,41.300125,NA,NA,NA,NA,NA,NA,09009140300,"224 WASHINGTON AVE, NEW HAVEN, CT, 06519",FALSE,TRUE
280 0250 01600,PABX,00224 YORK ST,Yale University,NA,0/0,0.57,363930,4422810,4786740,4786740,176,"00224 YORK ST, New Haven, CT",Match,Exact,"224 York St, New Haven, Ct, 06511",-72.93083,41.309505,3701131,L,9,9,361401,3007,09009361401,NA,NA,NA
280 0250 00600,PABX,00225 PARK ST,Yale University,NA,0/0,2.65,2081730,0,2081730,2081730,177,"00225 PARK ST, New Haven, CT",Match,Exact,"225 Park St, New Haven, Ct, 06511",-72.93324,41.309277,3701115,R,9,9,361401,3007,09009361401,NA,NA,NA
277 0123 00700,PABX,00225 WASHINGTON AV,Yale University,NA,456/296,1.29,291060,82390,373450,373450,178,"00225 WASHINGTON AV, New Haven, CT",Tie,NA,"225 Washington Ave, New Haven, Ct, 06519",-72.93403,41.2999,NA,NA,NA,NA,NA,NA,09009140300,"225 WASHINGTON AVE, New Haven, CT, 06519",FALSE,TRUE
247 0394 00700,PABX,00227 MANSFIELD ST,Yale University,NA,0/0,1.3,160930,67830,228760,228760,179,"00227 MANSFIELD ST, New Haven, CT",Match,Exact,"227 Mansfield St, New Haven, Ct, 06511",-72.925735,41.322617,637984137,R,9,9,141800,3004,09009141800,NA,NA,NA
277 0114 01700,PABX,00230 WASHINGTON AV,Beta 14 Llc,NA,8404/329,0.09,45290,0,45290,45290,180,"00230 WASHINGTON AV, New Haven, CT",Tie,NA,"230 Washington Ave, New Haven, Ct, 06519",-72.9338,41.300068,NA,NA,NA,NA,NA,NA,09009140300,"230 WASHINGTON AVE, NEW HAVEN, CT, 06519",FALSE,FALSE
280 0250 01500,PABX,00232 YORK ST,Yale University,NA,0/0,0.23,281120,2310210,2591330,2591330,181,"00232 YORK ST, New Haven, CT",Match,Exact,"232 York St, New Haven, Ct, 06511",-72.930725,41.30966,3701131,L,9,9,361401,3007,09009361401,NA,NA,NA
243 0311 00401,PABX,00236 CHURCH ST,Yale University,NA,2820/31,0.18,568680,4233320,4802000,4802000,182,"00236 CHURCH ST, New Haven, CT",Match,Exact,"236 Church St, New Haven, Ct, 06510",-72.92296,41.309822,3701209,L,9,9,361402,2000,09009361402,NA,NA,NA
277 0114 01600,PABX,00236 WASHINGTON AV,Beta 14 Llc,NA,8404/323,0.11,46130,0,46130,46130,183,"00236 WASHINGTON AV, New Haven, CT",Tie,NA,"236 Washington Ave, New Haven, Ct, 06519",-72.93387,41.30001,NA,NA,NA,NA,NA,NA,09009140300,"236 WASHINGTON AVE, New Haven, CT, 06519",FALSE,FALSE
280 0250 00604,PABX,00240 YORK ST,Yale University,NA,0/0,0.89,827680,100978150,101805830,101805830,184,"00240 YORK ST, New Haven, CT",Match,Exact,"240 York St, New Haven, Ct, 06511",-72.93061,41.30982,3701131,L,9,9,361401,3007,09009361401,NA,NA,NA
245 0363 00300,PABX,00243 PROSPECT ST,Yale University,NA,0/0,4.22,1662500,120763790,122426290,122426290,185,"00243 PROSPECTST, New Haven, CT",Match,Exact,"243 Prospect St, New Haven, Ct, 06511",-72.92358,41.31894,618696080,R,9,9,361402,1001,09009361402,NA,NA,NA
243 0311 00300,PABX,00246 CHURCH ST,Yale University,NA,3599/41,0.2,576870,2103430,2680300,2680300,186,"00246 CHURCH ST, New Haven, CT",Match,Exact,"246 Church St, New Haven, Ct, 06510",-72.9229,41.309906,3701209,L,9,9,361402,2000,09009361402,NA,NA,NA
277 0114 01500,PABX,00246 WASHINGTON AV,Alpha 9 Llc,NA,8404/291,0.08,44170,0,44170,44170,187,"00246 WASHINGTON AV, New Haven, CT",Tie,NA,"246 Washington Ave, New Haven, Ct, 06519",-72.93398,41.299915,NA,NA,NA,NA,NA,NA,09009140300,"246 WASHINGTON AVE, New Haven, CT, 06519",FALSE,FALSE
280 0271 01700,PABX,00248 PARK ST,Yale University,NA,6145/276,0.46,378910,2915990,3294900,3294900,188,"00248 PARK ST, New Haven, CT",Match,Exact,"248 Park St, New Haven, Ct, 06511",-72.93248,41.3103,3701116,L,9,9,361401,3006,09009361401,NA,NA,NA
243 0311 00201,PABX,00250 CHURCH ST,Yale University,NA,0/0,0.31,421540,745430,1166970,1166970,189,"00250 CHURCH ST, New Haven, CT",Match,Exact,"250 Church St, New Haven, Ct, 06510",-72.92287,41.30994,3701209,L,9,9,361402,2000,09009361402,NA,NA,NA
245 0363 01100,PABX,00256 WHITNEY AV,Yale University,NA,0/0,7.58,5630310,21071960,26702270,26702270,190,"00256 WHITNEY AV, New Haven, CT",Match,Exact,"256 Whitney Ave, New Haven, Ct, 06511",-72.91986,41.317604,637984016,L,9,9,361402,1000,09009361402,NA,NA,NA
280 0250 00603,PABX,00256 YORK ST,Yale University,NA,0/0,0.1,196910,220220,417130,417130,191,"00256 YORK ST, New Haven, CT",Match,Exact,"256 York St, New Haven, Ct, 06511",-72.93039,41.310135,3701131,L,9,9,361401,3007,09009361401,NA,NA,NA
277 0114 01400,PABX,00258 WASHINGTON AV,Beta 14 Llc,NA,8405/5,0.21,51590,0,51590,51590,192,"00258 WASHINGTON AV, New Haven, CT",Tie,NA,"258 Washington Ave, New Haven, Ct, 06519",-72.93412,41.299805,NA,NA,NA,NA,NA,NA,09009140300,"258 WASHINGTON AVE, New Haven, CT, 06519",FALSE,FALSE
247 0394 00800,PABX,00265 MANSFIELD ST,Yale University,NA,0/0,1.3,108920,329630,438550,438550,193,"00265 MANSFIELD ST, New Haven, CT",Match,Exact,"265 Mansfield St, New Haven, Ct, 06511",-72.92541,41.3234,637984137,R,9,9,141800,3004,09009141800,NA,NA,NA
277 0114 00200,PABX,00266 CEDAR ST,Beta 14 Llc,NA,8404/300,0.02,18340,0,18340,18340,194,"00266 CEDAR ST, New Haven, CT",Match,Exact,"266 Cedar St, New Haven, Ct, 06519",-72.932365,41.299675,3701257,L,9,9,140300,2023,09009140300,NA,NA,NA
263 0126 00201,PABX,00270 CONGRESS AV,Yale University,NA,7879/317,0.32,235340,192640,427980,427980,195,"00270 CONGRESS AV, New Haven, CT",Match,Exact,"270 Congress Ave, New Haven, Ct, 06519",-72.93289,41.302044,3701252,L,9,9,140300,2013,09009140300,NA,NA,NA
262 0220 00300,PABX,00270 CROWN ST,Yale University,NA,0/0,0.19,285530,983360,1268890,1268890,196,"00270 CROWN ST, New Haven, CT",Match,Exact,"270 Crown St, New Haven, Ct, 06511",-72.930435,41.30631,3701128,L,9,9,140100,1017,09009140100,NA,NA,NA
277 0114 01300,PABX,00270 WASHINGTON AV,Beta 14 Llc,NA,8404/307,0.15,49210,0,49210,49210,197,"00270 WASHINGTON AV, New Haven, CT",Tie,NA,"270 Washington Ave, New Haven, Ct, 06519",-72.93426,41.29969,NA,NA,NA,NA,NA,NA,09009140300,"270 WASHINGTON AVE, NEW HAVEN, CT, 06519",FALSE,FALSE
280 0250 01001,PABX,00272 ELM ST,Yale Univ Controller,NA,3669/0,0.24,295540,2797900,3093440,3093440,198,"00272 ELM ST, New Haven, CT",Match,Exact,"272 Elm St, New Haven, Ct, 06511",-72.93058,41.31089,638548534,L,9,9,361401,3007,09009361401,NA,NA,NA
246 0362 04000,PABX,00276 PROSPECT ST,Yale University,NA,0/0,1.23,387660,1152550,1540210,1540210,199,"00276 PROSPECTST, New Haven, CT",Match,Exact,"276 Prospect St, New Haven, Ct, 06511",-72.92356,41.319042,618696080,L,9,9,361402,1001,09009361402,NA,NA,NA
285 0392 00200,PABX,00276 WINCHESTER AV,Fenix I Llc,NA,8793/227,3.11,155750,18820200,18975950,18975950,200,"00276 WINCHESTER AV, New Haven, CT",Match,Exact,"276 Winchester Ave, New Haven, Ct, 06511",-72.9286,41.323032,3699772,L,9,9,141500,6005,09009141500,NA,NA,NA
245 0363 00400,PABX,00285 PROSPECT ST,Yale University,NA,0/0,0.69,592690,36273860,36866550,36866550,201,"00285 PROSPECTST, New Haven, CT",Match,Exact,"285 Prospect St, New Haven, Ct, 06511",-72.92349,41.319237,618696080,R,9,9,361402,1000,09009361402,NA,NA,NA
243 0289 01200,PABX,00294 TEMPLE ST,Yale University,NA,0/0,0.08,492730,1077160,1569890,1569890,202,"00294 TEMPLE ST, New Haven, CT",Match,Exact,"294 Temple St, New Haven, Ct, 06511",-72.92558,41.308502,3701196,L,9,9,361401,1001,09009361401,NA,NA,NA
261 0231 02100,PABX,00295 CROWN ST,Yale University,NA,0/0,0.16,278390,358890,637280,637280,203,"00295 CROWN ST, New Haven, CT",Match,Exact,"295 Crown St, New Haven, Ct, 06511",-72.93133,41.306698,635790166,R,9,9,361401,1004,09009361401,NA,NA,NA
247 0394 00900,PABX,00295 MANSFIELD ST,Yale University,NA,0/0,1.65,455000,2096500,2551500,2551500,204,"00295 MANSFIELD ST, New Haven, CT",Match,Exact,"295 Mansfield St, New Haven, Ct, 06511",-72.925156,41.324017,637984137,R,9,9,141800,3004,09009141800,NA,NA,NA
280 0250 00902,PABX,00296 ELM ST,Yale University,NA,0/0,0.14,160860,283710,444570,444570,205,"00296 ELM ST, New Haven, CT",Match,Exact,"296 Elm St, New Haven, Ct, 06511",-72.93114,41.311058,638548534,L,9,9,361401,3007,09009361401,NA,NA,NA
251 0509 00300,PABX,00300 EAST ROCK RD,Albertus Magnus College,NA,0/0,1.4,220430,844480,1064910,1064910,206,"00300 EAST ROCK RD, New Haven, CT",Match,Exact,"300 E Rock Rd, New Haven, Ct, 06511",-72.9202,41.33178,637982048,L,9,9,141800,1008,09009141800,NA,NA,NA
261 0231 02200,PABX,00301 CROWN ST,Yale University,NA,0/0,0.15,275800,372820,648620,648620,207,"00301 CROWN ST, New Haven, CT",Match,Exact,"301 Crown St, New Haven, Ct, 06511",-72.93153,41.306786,635790166,R,9,9,361401,1004,09009361401,NA,NA,NA
245 0363 00500,PABX,00301 PROSPECT ST,Yale University,NA,0/0,1.36,267890,980770,1248660,1248660,208,"00301 PROSPECTST, New Haven, CT",Match,Exact,"301 Prospect St, New Haven, Ct, 06511",-72.923454,41.319347,618696080,R,9,9,361402,1000,09009361402,NA,NA,NA
243 0289 01100,PABX,00302 TEMPLE ST,Yale University,NA,0/0,0.15,552580,921970,1474550,1474550,209,"00302 TEMPLE ST, New Haven, CT",Match,Exact,"302 Temple St, New Haven, Ct, 06511",-72.9253,41.30888,3701190,L,9,9,361402,2006,09009361402,NA,NA,NA
260 0307 00400,PABX,00302 YORK ST,Yale University,NA,0/0,0.05,236040,0,236040,236040,210,"00302 YORK ST, New Haven, CT",Match,Exact,"302 York St, New Haven, Ct, 06511",-72.92927,41.311623,3701133,L,9,9,361402,1008,09009361402,NA,NA,NA
280 0250 00901,PABX,00304 ELM ST,Yale University,NA,0/0,0.09,88270,0,88270,88270,211,"00304 ELM ST, New Haven, CT",Match,Exact,"304 Elm St, New Haven, Ct, 06511",-72.93132,41.311123,638548534,L,9,9,361401,3007,09009361401,NA,NA,NA
261 0231 02300,PABX,00307 CROWN ST,Yale University,NA,0/0,0.28,304010,1288140,1592150,1592150,212,"00307 CROWN ST, New Haven, CT",Match,Exact,"307 Crown St, New Haven, Ct, 06511",-72.93174,41.306873,635790166,R,9,9,361401,1004,09009361401,NA,NA,NA
221 0396 01000,PABX,00309 EDWARDS ST,Yale University,NA,0/0,0.59,139160,1125180,1264340,1264340,213,"00309 EDWARDS ST, New Haven, CT",Match,Exact,"309 Edwards St, New Haven, Ct, 06511",-72.91942,41.319717,3699986,R,9,9,141800,2004,09009141800,NA,NA,NA
280 0250 00801,PABX,00310 ELM ST,Yale University,NA,3669/0,0.07,241780,4238710,4480490,4480490,214,"00310 ELM ST, New Haven, CT",Match,Exact,"310 Elm St, New Haven, Ct, 06511",-72.93146,41.311172,638548534,L,9,9,361401,3007,09009361401,NA,NA,NA
246 0362 03700,PABX,00310 PROSPECT ST,Yale University,NA,4249/91,0.59,292460,550550,843010,843010,215,"00310 PROSPECTST, New Haven, CT",Match,Exact,"310 Prospect St, New Haven, Ct, 06511",-72.923355,41.319942,618696080,L,9,9,361402,1001,09009361402,NA,NA,NA
243 0289 01000,PABX,00310 TEMPLE ST,Yale University,NA,0/0,0.45,678440,27930,706370,706370,216,"00310 TEMPLE ST, New Haven, CT",Match,Exact,"310 Temple St, New Haven, Ct, 06511",-72.9252,41.30901,3701190,L,9,9,361402,2006,09009361402,NA,NA,NA
261 0231 00100,PABX,00313 CROWN ST,Yale University,NA,0/0,0.1,253610,624470,878080,878080,217,"00313 CROWN ST, New Haven, CT",Match,Exact,"313 Crown St, New Haven, Ct, 06511",-72.93194,41.306965,635790166,R,9,9,361401,1004,09009361401,NA,NA,NA
246 0362 03600,PABX,00314 PROSPECT ST,Yale University,NA,4249/91,0.81,303800,376530,680330,680330,218,"00314 PROSPECTST, New Haven, CT",Match,Exact,"314 Prospect St, New Haven, Ct, 06511",-72.92334,41.32005,618696080,L,9,9,361402,1001,09009361402,NA,NA,NA
245 0363 00900,PABX,00320 EDWARDS ST,Yale University,NA,5150/8,2.24,1411970,5933690,7345660,7345660,219,"00320 EDWARDS ST, New Haven, CT",Match,Exact,"320 Edwards St, New Haven, Ct, 06511",-72.921715,41.320026,637984079,L,9,9,361402,1000,09009361402,NA,NA,NA
243 0289 00900,PABX,00320 TEMPLE ST,Yale University,NA,0/0,0.28,608090,362110,970200,970200,220,"00320 TEMPLE ST, New Haven, CT",Match,Exact,"320 Temple St, New Haven, Ct, 06511",-72.92508,41.30917,3701190,L,9,9,361402,2006,09009361402,NA,NA,NA
260 0307 00200,PABX,00320 YORK ST,Yale University,NA,0/0,1.67,1311870,30128910,31440780,31440780,221,"00320 YORK ST, New Haven, CT",Match,Exact,"320 York St, New Haven, Ct, 06511",-72.92896,41.312046,3701106,L,9,9,361402,1008,09009361402,NA,NA,NA
280 0230 02300,PABX,00321 CROWN ST,Yale University,NA,7138/19,0.14,322910,17570,340480,340480,222,"00321 CROWN ST, New Haven, CT",Match,Exact,"321 Crown St, New Haven, Ct, 06511",-72.93221,41.307083,635790166,R,9,9,361401,1004,09009361401,NA,NA,NA
243 0289 00800,PABX,00328 TEMPLE ST,Yale University,NA,0/0,0.22,584500,283150,867650,867650,223,"00328 TEMPLE ST, New Haven, CT",Match,Exact,"328 Temple St, New Haven, Ct, 06511",-72.92498,41.3093,3701190,L,9,9,361402,2006,09009361402,NA,NA,NA
261 0252 00400,PABX,00330 COLLEGE ST,Yale University,NA,5150/1,2.88,2262470,33776050,36038520,36038520,224,"00330 COLLEGE ST, New Haven, CT",Match,Exact,"330 College St, New Haven, Ct, 06511",-72.92817,41.308018,3701184,L,9,9,361401,1002,09009361401,NA,NA,NA
263 0136 00100,PABX,00333 CEDAR ST,Yale University,NA,0/0,5.51,4328450,156402890,160731340,160731340,225,"00333 CEDAR ST, New Haven, CT",Match,Exact,"333 Cedar St, New Haven, Ct, 06519",-72.93367,41.30217,3700558,R,9,9,140300,2010,09009140300,NA,NA,NA
280 0230 02400,PABX,00333 CROWN ST,Yale University,NA,7138/19,0.13,173670,14210,187880,187880,226,"00333 CROWN ST, New Haven, CT",Match,Exact,"333 Crown St, New Haven, Ct, 06511",-72.933044,41.307423,637983762,R,9,9,361401,1005,09009361401,NA,NA,NA
247 0395 01700,PABX,00335 PROSPECT ST,Yale University,NA,0/0,3.76,1999760,15190,2014950,2014950,227,"00335 PROSPECTST, New Haven, CT",Match,Exact,"335 Prospect St, New Haven, Ct, 06511",-72.9234,41.31959,618696080,R,9,9,361402,1000,09009361402,NA,NA,NA
247 0395 00100,PABX,00339 PROSPECT ST,Yale University,NA,2440/195,7.17,1304380,18336850,19641230,19641230,228,"00339 PROSPECTST, New Haven, CT",Match,Exact,"339 Prospect St, New Haven, Ct, 06511",-72.92339,41.31962,618696080,R,9,9,361402,1000,09009361402,NA,NA,NA
245 0363 00800,PABX,00340 EDWARDS ST,Yale University,NA,0/0,0.51,144550,534660,679210,679210,229,"00340 EDWARDS ST, New Haven, CT",Match,Exact,"340 Edwards St, New Haven, Ct, 06511",-72.92207,41.32008,637984079,L,9,9,361402,1000,09009361402,NA,NA,NA
280 0230 02601,PABX,00341 CROWN ST,Yale University,NA,5922/293,0.32,175420,267540,442960,442960,230,"00341 CROWN ST, New Haven, CT",Match,Exact,"341 Crown St, New Haven, Ct, 06511",-72.93324,41.3075,637983762,R,9,9,361401,1005,09009361401,NA,NA,NA
247 0395 01802,PABX,00341 SAINT RONAN ST,Yale University,NA,0/0,0.11,18340,0,18340,18340,231,"00341 SAINT RONAN ST, New Haven, CT",Match,Exact,"341 Saint Ronan St, New Haven, Ct, 06511",-72.91877,41.324657,3699968,R,9,9,141800,2000,09009141800,NA,NA,NA
248 0395 00203,PABX,00341 SAINT RONAN ST,Yale University,NA,0/0,5.76,2722860,0,2722860,2722860,232,"00341 SAINT RONAN ST, New Haven, CT",Match,Exact,"341 Saint Ronan St, New Haven, Ct, 06511",-72.91877,41.324657,3699968,R,9,9,141800,2000,09009141800,NA,NA,NA
285 0392 00100,PABX,00344 WINCHESTER AV,Renaissance I Llc,NA,9156/337,15.25,1123150,13226640,14349790,14349790,233,"00344 WINCHESTER AV, New Haven, CT",Match,Exact,"344 Winchester Ave, New Haven, Ct, 06511",-72.92817,41.32428,3699772,L,9,9,141500,6005,09009141500,NA,NA,NA
243 0311 00100,PABX,00347 TEMPLE ST,Yale University,NA,0/0,1.66,1304030,48718740,50022770,50022770,234,"00347 TEMPLE ST, New Haven, CT",Match,Exact,"347 Temple St, New Haven, Ct, 06511",-72.924164,41.310394,3701200,R,9,9,361402,2000,09009361402,NA,NA,NA
262 0203 00102,PABX,00350 GEORGE ST,Yale University,NA,9350/184,1.59,449050,9302510,9751560,9751560,235,"00350 GEORGE ST, New Haven, CT",Match,Exact,"350 George St, New Haven, Ct, 06511",-72.93143,41.305504,3701126,L,9,9,140100,1023,09009140100,NA,NA,NA
248 0395 00201,PABX,00352 CANNER ST,Yale University,NA,0/0,2.2,693350,2762130,3455480,3455480,236,"00352 CANNER ST, New Haven, CT",Match,Exact,"352 Canner St, New Haven, Ct, 06511",-72.92021,41.325348,3755886,L,9,9,141800,2001,09009141800,NA,NA,NA
280 0230 02800,PABX,00353 CROWN ST,Yale University,NA,5330/34,0.35,319200,3568600,3887800,3887800,237,"00353 CROWN ST, New Haven, CT",Match,Exact,"353 Crown St, New Haven, Ct, 06511",-72.93353,41.307613,637983762,R,9,9,361401,1005,09009361401,NA,NA,NA
247 0394 00600,PABX,00360 PROSPECT ST,Yale University,NA,0/0,4.67,1103900,4115440,5219340,5219340,238,"00360 PROSPECTST, New Haven, CT",Match,Exact,"360 Prospect St, New Haven, Ct, 06511",-72.92339,41.322697,604739016,L,9,9,141800,3004,09009141800,NA,NA,NA
219 0459 00100,PABX,00363 SAINT RONAN ST,Berkeley Divinity School,NA,0/0,0.71,148820,1019060,1167880,1167880,239,"00363 SAINT RONAN ST, New Haven, CT",Match,Exact,"363 Saint Ronan St, New Haven, Ct, 06511",-72.918434,41.325592,3699973,R,9,9,141800,1014,09009141800,NA,NA,NA
279 0136 00100,PABX,00367 CEDAR ST,Yale University(Harkness Hall),NA,0/0,1.49,1170470,12719560,13890030,13890030,240,"00367 CEDAR ST, New Haven, CT",Match,Exact,"367 Cedar St, New Haven, Ct, 06519",-72.93384,41.302464,3700558,R,9,9,140300,2010,09009140300,NA,NA,NA
277 0124 01600,PABX,00370 CONGRESS AV,Yale University,NA,5595/166,2.22,1743980,136800860,138544840,138544840,241,"00370 CONGRESS AV, New Haven, CT",Match,Exact,"370 Congress Ave, New Haven, Ct, 06519",-72.93437,41.30162,3701246,L,9,9,140300,2021,09009140300,NA,NA,NA
249 0457 00400,PABX,00375 CANNER ST,Yale University,NA,0/0,1.08,212730,927640,1140370,1140370,242,"00375 CANNER ST, New Haven, CT",Match,Exact,"375 Canner St, New Haven, Ct, 06511",-72.92149,41.325466,3755887,R,9,9,141800,1016,09009141800,NA,NA,NA
263 0135 00200,PABX,00375 CONGRESS AV,Yale University,NA,0/0,1.91,4873750,43441370,48315120,48315120,243,"00375 CONGRESS AV, New Haven, CT",Match,Exact,"375 Congress Ave, New Haven, Ct, 06519",-72.93479,41.301506,3701246,R,9,9,140300,2009,09009140300,NA,NA,NA
247 0394 00500,PABX,00386 PROSPECT ST,Yale University,NA,0/0,1.7,401870,1948030,2349900,2349900,244,"00386 PROSPECTST, New Haven, CT",Match,Exact,"386 Prospect St, New Haven, Ct, 06511",-72.923386,41.32299,604739016,L,9,9,141800,3004,09009141800,NA,NA,NA
259 0330 01000,PABX,00400 YORK ST,Yale University,NA,5025/324,1.19,934850,30961770,31896620,31896620,245,"00400 YORK ST, New Haven, CT",No_Match,NA,"122 Tower Pkwy, New Haven, Ct 06511",-72.93001,41.31341,NA,NA,NA,NA,NA,NA,09009361402,"122 Tower Pkwy, New Haven, CT 06511",FALSE,FALSE
223 0334 00700,PABX,00405 TEMPLE ST,Yale University,NA,0/0,0.05,235970,264880,500850,500850,246,"00405 TEMPLE ST, New Haven, CT",Match,Exact,"405 Temple St, New Haven, Ct, 06511",-72.92306,41.311977,639746015,R,9,9,142000,3008,09009142000,NA,NA,NA
247 0394 00300,PABX,00406 PROSPECT ST,Yale University,NA,7240/187,0.86,306460,783790,1090250,1090250,247,"00406 PROSPECTST, New Haven, CT",Match,Exact,"406 Prospect St, New Haven, Ct, 06511",-72.92337,41.323345,3755893,L,9,9,141800,3004,09009141800,NA,NA,NA
223 0334 01201,PABX,00419 TEMPLE ST,Yale University,NA,3408/20,0.18,283850,11340,295190,295190,248,"00419 TEMPLE ST, New Haven, CT",Match,Exact,"419 Temple St, New Haven, Ct, 06511",-72.92302,41.312027,639746015,R,9,9,142000,3008,09009142000,NA,NA,NA
244 0333 01000,PABX,00420 TEMPLE ST,Yale University,NA,0/0,0.73,1961960,4973360,6935320,6935320,249,"00420 TEMPLE ST, New Haven, CT",Match,Exact,"420 Temple St, New Haven, Ct, 06511",-72.92265,41.312576,637983945,L,9,9,361402,1013,09009361402,NA,NA,NA
248 0395 00204,PABX,00423 PROSPECT ST,Yale University,NA,0/0,5.51,2387770,29727950,32115720,32115720,250,"00423 PROSPECTST, New Haven, CT",Match,Exact,"423 Prospect St, New Haven, Ct, 06511",-72.92329,41.324146,637984102,R,9,9,141800,2003,09009141800,NA,NA,NA
244 0333 00900,PABX,00432 TEMPLE ST,Yale University,NA,0/0,0.1,257110,578200,835310,835310,251,"00432 TEMPLE ST, New Haven, CT",Match,Exact,"432 Temple St, New Haven, Ct, 06511",-72.92259,41.312664,637983945,L,9,9,361402,1013,09009361402,NA,NA,NA
223 0334 01501,PABX,00433 TEMPLE ST,Yale University,NA,0/0,0.2,218540,1398810,1617350,1617350,252,"00433 TEMPLE ST, New Haven, CT",Match,Exact,"433 Temple St, New Haven, Ct, 06511",-72.92299,41.31208,639746015,R,9,9,142000,3008,09009142000,NA,NA,NA
244 0333 00800,PABX,00442 TEMPLE ST,Yale University,NA,0/0,0.18,282590,203210,485800,485800,253,"00442 TEMPLE ST, New Haven, CT",Match,Exact,"442 Temple St, New Haven, Ct, 06511",-72.92255,41.312737,637983945,L,9,9,361402,1013,09009361402,NA,NA,NA
243 0289 02000,PABX,00451 COLLEGE ST,Yale University,NA,0/0,0.46,684530,3406410,4090940,4090940,254,"00451 COLLEGE ST, New Haven, CT",Match,Exact,"451 College St, New Haven, Ct, 06511",-72.926575,41.310078,3701182,R,9,9,361402,2006,09009361402,NA,NA,NA
278 0134 00400,PABX,00457 CONGRESS AV,Yale University,NA,0/0,0.08,30800,0,30800,30800,255,"00457 CONGRESS AV, New Haven, CT",Match,Exact,"457 Congress Ave, New Haven, Ct, 06519",-72.93603,41.301155,3700560,R,9,9,140600,2000,09009140600,NA,NA,NA
248 0395 00205,PABX,00459 PROSPECT ST,Yale University,NA,0/0,0.17,191870,502600,694470,694470,256,"00459 PROSPECTST, New Haven, CT",Match,Exact,"459 Prospect St, New Haven, Ct, 06511",-72.92324,41.324398,637984102,R,9,9,141800,2003,09009141800,NA,NA,NA
243 0289 00100,PABX,00469 COLLEGE ST,Yale University,NA,0/0,0.18,567140,7244930,7812070,7812070,257,"00469 COLLEGE ST, New Haven, CT",Match,Exact,"469 College St, New Haven, Ct, 06511",-72.92643,41.310272,3701182,R,9,9,361402,2006,09009361402,NA,NA,NA
260 0288 00102,PABX,00470 COLLEGE ST,Yale University(Sprague Memor),NA,0/0,1.13,887670,17781190,18668860,18668860,258,"00470 COLLEGE ST, New Haven, CT",Match,Exact,"470 College St, New Haven, Ct, 06511",-72.92643,41.3103,3701182,L,9,9,361402,2005,09009361402,NA,NA,NA
243 0310 00300,PABX,00493 COLLEGE ST,Yale University,NA,0/0,0.14,545720,5474770,6020490,6020490,259,"00493 COLLEGE ST, New Haven, CT",Match,Exact,"493 College St, New Haven, Ct, 06511",-72.92624,41.31053,3701182,R,9,9,361402,2006,09009361402,NA,NA,NA
243 0310 00112,PABX,00497 COLLEGE ST,Yale University,NA,9091/251,0.44,841820,5217660,6059480,6059480,260,"00497 COLLEGE ST, New Haven, CT",Match,Exact,"497 College St, New Haven, Ct, 06511",-72.92621,41.310577,3701182,R,9,9,361402,2006,09009361402,NA,NA,NA
260 0309 00200,PABX,00500 COLLEGE ST,Yale University-(Woolsey Hall),NA,0/0,1.66,1304030,18635470,19939500,19939500,261,"00500 COLLEGE ST, New Haven, CT",Match,Exact,"500 College St, New Haven, Ct, 06511",-72.92608,41.31078,3701187,L,9,9,361402,2002,09009361402,NA,NA,NA
243 0310 00100,PABX,00509 COLLEGE ST,Yale University,NA,0/0,2.7,2121000,39651500,41772500,41772500,262,"00509 COLLEGE ST, New Haven, CT",Match,Exact,"509 College St, New Haven, Ct, 06511",-72.92602,41.310837,3701187,R,9,9,361402,2001,09009361402,NA,NA,NA
249 0457 00500,PABX,00511 PROSPECT ST,Yale University,NA,0/0,0.94,272720,1253140,1525860,1525860,263,"00511 PROSPECTST, New Haven, CT",Match,Exact,"511 Prospect St, New Haven, Ct, 06511",-72.92263,41.326065,3699831,R,9,9,141800,1016,09009141800,NA,NA,NA
249 0457 00600,PABX,00533 PROSPECT ST,Yale University,NA,0/0,1.39,219030,939190,1158220,1158220,264,"00533 PROSPECTST, New Haven, CT",Match,Exact,"533 Prospect St, New Haven, Ct, 06511",-72.9223,41.326763,3699825,R,9,9,141800,1016,09009141800,NA,NA,NA
277 0114 01000,PABX,00655 HOWARD AV,Beta 14 Llc,NA,8404/316,0.16,49980,0,49980,49980,265,"00655 HOWARD AV, New Haven, CT",Match,Exact,"655 Howard Ave, New Haven, Ct, 06519",-72.93454,41.298775,3700564,R,9,9,140300,2023,09009140300,NA,NA,NA
277 0114 01100,PABX,00659 HOWARD AV,Beta 14 Llc,NA,8404/313,0.09,45080,0,45080,45080,266,"00659 HOWARD AV, New Haven, CT",Match,Exact,"659 Howard Ave, New Haven, Ct, 06519",-72.93456,41.298836,3700564,R,9,9,140300,2023,09009140300,NA,NA,NA
277 0114 01200,PABX,00663 HOWARD AV,Beta 14 Llc,NA,8404/310,0.09,45010,0,45010,45010,267,"00663 HOWARD AV, New Haven, CT",Match,Exact,"663 Howard Ave, New Haven, Ct, 06519",-72.934586,41.298893,3700564,R,9,9,140300,2023,09009140300,NA,NA,NA
252 0508 00100,PABX,00700 PROSPECT ST,Albertus Magnus College,NA,0/0,28.3,2939510,22423520,25363030,25363030,268,"00700 PROSPECTST, New Haven, CT",Match,Exact,"700 Prospect St, New Haven, Ct, 06511",-72.921135,41.331516,637982044,L,9,9,141800,4000,09009141800,NA,NA,NA
450 1223 00200,PABX,00746 FOUNTAIN ST,Yale University,NA,5567/338,13.52,325640,0,325640,325640,269,"00746 FOUNTAIN ST, New Haven, CT",Match,Exact,"746 Fountain St, New Haven, Ct, 06515",-72.98325,41.32995,3697166,L,9,9,141100,1004,09009141100,NA,NA,NA
278 0134 00300,PABX,00760 HOWARD AV,Yale University,NA,0/0,0.59,34440,0,34440,34440,270,"00760 HOWARD AV, New Haven, CT",Match,Exact,"760 Howard Ave, New Haven, Ct, 06519",-72.93562,41.301903,3700547,L,9,9,140600,2000,09009140600,NA,NA,NA
251 1068 00200,PABX,00765 PROSPECT ST,Albertus Magnus College,NA,0/0,0.81,151900,704970,856870,856870,271,"00765 PROSPECTST, New Haven, CT",Match,Exact,"765 Prospect St, New Haven, Ct, 06511",-72.92068,41.33263,3699892,R,9,9,141800,1007,09009141800,NA,NA,NA
278 0134 00200,PABX,00780 HOWARD AV,Yale University,NA,0/0,1.15,781270,4991420,5772690,5772690,272,"00780 HOWARD AV, New Haven, CT",Match,Exact,"780 Howard Ave, New Haven, Ct, 06519",-72.93596,41.302483,3700547,L,9,9,140600,2000,09009140600,NA,NA,NA
278 0134 00100,PABX,00800 HOWARD AV,Yale University,NA,0/0,0.85,1901130,12407150,14308280,14308280,273,"00800 HOWARD AV, New Haven, CT",Match,Exact,"800 Howard Ave, New Haven, Ct, 06519",-72.9363,41.303062,3700547,L,9,9,140600,2000,09009140600,NA,NA,NA
252 0508 00200,PABX,00810 PROSPECT ST,Albertus Magnus College,NA,2394/345,1.39,138040,510580,648620,648620,274,"00810 PROSPECTST, New Haven, CT",Match,Exact,"810 Prospect St, New Haven, Ct, 06511",-72.9202,41.333702,3699896,L,9,9,141800,4000,09009141800,NA,NA,NA
261 0252 00100,PABX,01021 CHAPEL ST,Yale University,NA,5150/1,1.57,1233330,16406740,17640070,17640070,275,"01021 CHAPEL ST, New Haven, CT",Match,Exact,"1021 Chapel St, New Haven, Ct, 06511",-72.929245,41.3075,638550359,R,9,9,361401,1002,09009361401,NA,NA,NA
261 0251 00100,PABX,01073 CHAPEL ST,Yale University,NA,0/0,0.9,829570,31335850,32165420,32165420,276,"01073 CHAPEL ST, New Haven, CT",Match,Exact,"1073 Chapel St, New Haven, Ct, 06510",-72.93043,41.30797,635790163,R,9,9,361401,1003,09009361401,NA,NA,NA
261 0231 00402,PABX,01074 CHAPEL ST,Yale University(Mellon Art Ga),NA,0/0,0,0,10784060,10784060,10784060,277,"01074 CHAPEL ST, New Haven, CT",Match,Exact,"1074 Chapel St, New Haven, Ct, 06510",-72.93014,41.30784,638550359,L,9,9,140100,1016,09009140100,NA,NA,NA
261 0231 00800,PABX,01120 CHAPEL ST,Yale University,NA,5150/1,0.28,611170,2454970,3066140,3066140,278,"01120 CHAPEL ST, New Haven, CT",Match,Exact,"1120 Chapel St, New Haven, Ct, 06510",-72.9315,41.308372,635790163,L,9,9,361401,1004,09009361401,NA,NA,NA
280 0230 01000,PABX,01156 CHAPEL ST,Yale University,NA,5083/253,0.76,796390,11852820,12649210,12649210,279,"01156 CHAPEL ST, New Haven, CT",Match,Exact,"1156 Chapel St, New Haven, Ct, 06511",-72.93271,41.308655,638550333,L,9,9,361401,1005,09009361401,NA,NA,NA
280 0249 02601,PABX,01201 CHAPEL ST,Yale University,NA,4298/76,0.34,49490,839300,888790,888790,280,"01201 CHAPEL ST, New Haven, CT",Match,Exact,"1201 Chapel St, New Haven, Ct, 06511",-72.934494,41.30906,637983797,R,9,9,361401,3008,09009361401,NA,NA,NA
278 0149 01201,PBBX,00000 HOWARD AV,Yale-New Haven Hospital Inc,NA,8880/10,0.02,1050,0,1050,1050,281,"00000 HOWARD AV, New Haven, CT",No_Match,NA,NA,NA,NA,NA,NA,NA,NA,NA,NA,NA,NA,NA,NA
298 0161 02000,PBBX,00000 HOWARD AV,Yale-New Haven Hospital Inc -Mcs-2,NA,8324/304,0.08,27790,0,27790,27790,282,"00000 HOWARD AV, New Haven, CT",No_Match,NA,NA,NA,NA,NA,NA,NA,NA,NA,NA,NA,NA,NA,NA
279 0150 00100,PBBX,00001 PARK ST,Yale New Haven Hospital Inc -Mcs-2,NA,4318/39,0.62,10974250,108026590,119000840,119000840,283,"00001 PARK ST, New Haven, CT",Tie,NA,"1 Park St, New Haven, Ct, 06504",-72.9364472,41.3042785,NA,NA,NA,NA,NA,NA,09009140300,"1 PARK ST, NEW HAVEN, CT, 06504",FALSE,FALSE
279 0162 00200,PBBX,00008 PARK ST,Yale New Haven Hospital Inc.-Mcs-2,NA,4620/18,0.05,49700,0,49700,49700,284,"00008 PARK ST, New Haven, CT",Tie,NA,"8 Park St, New Haven, Ct, 06519",-72.9369001,41.3046414,NA,NA,NA,NA,NA,NA,09009140300,"8 PARK ST, NEW HAVEN, CT, 06519",TRUE,FALSE
279 0150 00200,PBBX,00010 YORK ST,Yale New Haven Hospital Inc,NA,0/0,2.49,17543470,135240910,152784380,152784380,285,"00010 YORK ST, New Haven, CT",Match,Exact,"10 York St, New Haven, Ct, 06510",-72.93469,41.30419,3700548,L,9,9,140300,2006,09009140300,NA,NA,NA
279 0163 00200,PBBX,00017 PARK ST,Yale New Haven Hospital Inc -Mcs-2,NA,0/0,1.39,2237480,463644510,465881990,465881990,286,"00017 PARK ST, New Haven, CT",Tie,NA,"17 Park St, New Haven, Ct, 06513",-72.9359735,41.3049538,NA,NA,NA,NA,NA,NA,09009140300,"17 PARK ST, New Haven, CT, 06513",FALSE,FALSE
315 1290 00900,PBBX,00020 GILBERT AV,Yale-New Haven Hospital Inc,NA,8881/335,0.07,30730,0,30730,30730,287,"00020 GILBERT AV, New Haven, CT",Tie,NA,"20 Gilbert Ave, New Haven, Ct, 06511",-72.94186,41.30804,NA,NA,NA,NA,NA,NA,09009140800,"20 GILBERT AVE, NEW HAVEN, CT, 06511",TRUE,FALSE
298 0161 02700,PBBX,00021 SYLVAN AV,Yale-New Haven Hospital Inc -Mcs-2,NA,8324/304,0.34,36330,0,36330,36330,288,"00021 SYLVAN AV, New Haven, CT",Match,Exact,"21 Sylvan Ave, New Haven, Ct, 06519",-72.939026,41.304768,3700521,R,9,9,140600,1000,09009140600,NA,NA,NA
298 0161 02900,PBBX,00027 SYLVAN AV,Yale-New Haven Hospital Inc -Mcs-2,NA,8324/304,0.09,31150,0,31150,31150,289,"00027 SYLVAN AV, New Haven, CT",Match,Exact,"27 Sylvan Ave, New Haven, Ct, 06519",-72.9392,41.30475,3700521,R,9,9,140600,1000,09009140600,NA,NA,NA
298 0161 03000,PBBX,00029 SYLVAN AV,Yale-New Haven Hospital Inc -Mcs-2,NA,8324/304,0.01,770,0,770,770,290,"00029 SYLVAN AV, New Haven, CT",Match,Exact,"29 Sylvan Ave, New Haven, Ct, 06519",-72.939255,41.30474,3700521,R,9,9,140600,1000,09009140600,NA,NA,NA
279 0163 00201,PBBX,00030 YORK ST,Conn Health  Educational    *,NA,0/0,2.21,9463300,91861350,101324650,101324650,291,"00030 YORK ST, New Haven, CT",Match,Exact,"30 York St, New Haven, Ct, 06510",-72.93442,41.304592,3700548,L,9,9,140300,2006,09009140300,NA,NA,NA
278 0149 01900,PBBX,00031 VERNON ST,Yale-New Haven Hospital Inc,NA,8880/10,0.17,33600,0,33600,33600,292,"00031 VERNON ST, New Haven, CT",Tie,NA,"31 Vernon St, New Haven, Ct, 06519",-72.937454,41.30301,NA,NA,NA,NA,NA,NA,09009140600,"31 VERNON ST, NEW HAVEN, CT, 06519",FALSE,FALSE
298 0161 01200,PBBX,00034 LEGION AV,Yale-New Haven Hospital Inc -Mcs-2,NA,8324/304,0.16,83020,0,83020,83020,293,"00034 LEGION AV, New Haven, CT",No_Match,NA,"34 Legion Ave, New Haven, Ct, 06519",-72.9385279,41.305913,NA,NA,NA,NA,NA,NA,09009140600,"34 LEGION AVE, New Haven, CT, 06519",FALSE,TRUE
298 0161 01100,PBBX,00046 LEGION AV,Yale-New Haven  Hospital Inc - Mcs-2,NA,8324/304,0.16,66570,0,66570,66570,294,"00046 LEGION AV, New Haven, CT",No_Match,NA,"46 Legion Ave, New Haven, Ct, 06519",-72.9387261,41.3059028,NA,NA,NA,NA,NA,NA,09009140600,"46 LEGION AVE, New Haven, CT, 06519",FALSE,TRUE
298 0161 01000,PBBX,00060 LEGION AV,Yale-New Haven Hospital Inc -Mcs-2,NA,8324/304,0.3,57400,0,57400,57400,295,"00060 LEGION AV, New Haven, CT",No_Match,NA,"60 Legion Ave, New Haven, Ct, 06519",-72.9388961,41.305705,NA,NA,NA,NA,NA,NA,09009140600,"60 LEGION AVE, New Haven, CT, 06519",FALSE,TRUE
278 0149 01400,PBBX,00103 DAVENPORT AV,Yale New Haven Hospital Inc -Mcs-2,NA,5442/153,0.1,68250,3150,71400,71400,296,"00103 DAVENPORT AV, New Haven, CT",Match,Exact,"103 Davenport Ave, New Haven, Ct, 06519",-72.93716,41.302937,3700546,R,9,9,140600,1006,09009140600,NA,NA,NA
278 0149 01500,PBBX,00109 DAVENPORT AV,Yale New Haven Hospital Inc -Mcs-2,NA,5442/153,0.1,68600,210,68810,68810,297,"00109 DAVENPORT AV, New Haven, CT",Match,Exact,"109 Davenport Ave, New Haven, Ct, 06519",-72.937195,41.30292,3700546,R,9,9,140600,1006,09009140600,NA,NA,NA
278 0149 01600,PBBX,00111 DAVENPORT AV,Yale New Haven Hospital Inc -Mcs-2,NA,5442/153,0.11,31920,0,31920,31920,298,"00111 DAVENPORT AV, New Haven, CT",Match,Exact,"111 Davenport Ave, New Haven, Ct, 06519",-72.93721,41.302917,3700546,R,9,9,140600,1006,09009140600,NA,NA,NA
317 0197 00100,PBBX,00111 SHERMAN AV,Yale-New Haven Hospital Inc,NA,8881/335,0.12,43750,0,43750,43750,299,"00111 SHERMAN AV, New Haven, CT",Tie,NA,"111 Sherman Ave, New Haven, Ct, 06511",-72.94535,41.3094,NA,NA,NA,NA,NA,NA,09009140800,"111 SHERMAN AVE, NEW HAVEN, CT, 06511",FALSE,FALSE
278 0134 02300,PBBX,00112 DAVENPORT AV,Yale New Haven Hospital Inc -Mcs-2,NA,0/0,0.27,123760,484960,608720,608720,300,"00112 DAVENPORT AV, New Haven, CT",Match,Exact,"112 Davenport Ave, New Haven, Ct, 06519",-72.9372,41.302906,3700546,L,9,9,140600,2000,09009140600,NA,NA,NA
278 0134 02200,PBBX,00116 DAVENPORT AV,Yale-New Haven Hospital Inc -Mcs-2,NA,5559/218,0.18,33740,4340,38080,38080,301,"00116 DAVENPORT AV, New Haven, CT",Match,Exact,"116 Davenport Ave, New Haven, Ct, 06519",-72.937225,41.3029,3700546,L,9,9,140600,2000,09009140600,NA,NA,NA
315 1288 02001,PBBX,00200 ORCHARD ST 101,Yale-New Haven Hospital Inc,NA,8881/342,0,0,53060,53060,53060,302,"00200 ORCHARD ST 101, New Haven, CT",No_Match,NA,"200 Orchard St, New Haven, Ct, 06511",-72.9431577,41.3074259,NA,NA,NA,NA,NA,NA,09009140800,"200 ORCHARD ST, New Haven, CT, 06511",FALSE,FALSE
315 1288 02003,PBBX,00200 ORCHARD ST 103,Yale-New Haven Hospital Inc,NA,8881/342,0,0,38780,38780,38780,303,"00200 ORCHARD ST 103, New Haven, CT",No_Match,NA,"201 Orchard St, New Haven, Ct, 06511",-72.9431577,41.3074259,NA,NA,NA,NA,NA,NA,09009140800,"201 ORCHARD ST, New Haven, CT, 06511",FALSE,FALSE
315 1288 02004,PBBX,00200 ORCHARD ST 104,Yale-New Haven Hospital Inc,NA,8881/342,0,0,53410,53410,53410,304,"00200 ORCHARD ST 104, New Haven, CT",No_Match,NA,"202 Orchard St, New Haven, Ct, 06511",-72.9431577,41.3074260,NA,NA,NA,NA,NA,NA,09009140800,"202 ORCHARD ST, New Haven, CT, 06511",FALSE,FALSE
315 1288 02005,PBBX,00200 ORCHARD ST 105,Yale-New Haven Hospital Inc,NA,8881/342,0,0,54040,54040,54040,305,"00200 ORCHARD ST 105, New Haven, CT",No_Match,NA,"203 Orchard St, New Haven, Ct, 06511",-72.9431577,41.3074261,NA,NA,NA,NA,NA,NA,09009140800,"203 ORCHARD ST, New Haven, CT, 06511",FALSE,FALSE
315 1288 02006,PBBX,00200 ORCHARD ST 106,Yale-New Haven Hospital Inc,NA,8881/342,0,0,51940,51940,51940,306,"00200 ORCHARD ST 106, New Haven, CT",No_Match,NA,"204 Orchard St, New Haven, Ct, 06511",-72.9431577,41.3074262,NA,NA,NA,NA,NA,NA,09009140800,"204 ORCHARD ST, New Haven, CT, 06511",FALSE,FALSE
315 1288 02007,PBBX,00200 ORCHARD ST 107,Yale-New Haven Hospital Inc,NA,8881/342,0,0,87360,87360,87360,307,"00200 ORCHARD ST 107, New Haven, CT",No_Match,NA,"205 Orchard St, New Haven, Ct, 06511",-72.9431577,41.3074263,NA,NA,NA,NA,NA,NA,09009140800,"205 ORCHARD ST, New Haven, CT, 06511",FALSE,FALSE
315 1288 02010,PBBX,00200 ORCHARD ST 201,Yale-New Haven Hospital Inc,NA,8881/342,0,0,58730,58730,58730,308,"00200 ORCHARD ST 201, New Haven, CT",No_Match,NA,"206 Orchard St, New Haven, Ct, 06511",-72.9431577,41.3074264,NA,NA,NA,NA,NA,NA,09009140800,"206 ORCHARD ST, New Haven, CT, 06511",FALSE,FALSE
315 1288 02011,PBBX,00200 ORCHARD ST 202,Yale-New Haven Hospital Inc,NA,8881/342,0,0,53690,53690,53690,309,"00200 ORCHARD ST 202, New Haven, CT",No_Match,NA,"207 Orchard St, New Haven, Ct, 06511",-72.9431577,41.3074265,NA,NA,NA,NA,NA,NA,09009140800,"207 ORCHARD ST, New Haven, CT, 06511",FALSE,FALSE
315 1288 02012,PBBX,00200 ORCHARD ST 203,Yale-New Haven Hospital Inc,NA,8881/342,0,0,54390,54390,54390,310,"00200 ORCHARD ST 203, New Haven, CT",No_Match,NA,"208 Orchard St, New Haven, Ct, 06511",-72.9431577,41.3074266,NA,NA,NA,NA,NA,NA,09009140800,"208 ORCHARD ST, New Haven, CT, 06511",FALSE,FALSE
315 1288 02013,PBBX,00200 ORCHARD ST 204,Yale-New Haven Hospital Inc,NA,8881/342,0,0,54390,54390,54390,311,"00200 ORCHARD ST 204, New Haven, CT",No_Match,NA,"209 Orchard St, New Haven, Ct, 06511",-72.9431577,41.3074267,NA,NA,NA,NA,NA,NA,09009140800,"209 ORCHARD ST, New Haven, CT, 06511",FALSE,FALSE
315 1288 02014,PBBX,00200 ORCHARD ST 205,Yale-New Haven Hospital Inc,NA,8881/342,0,0,58730,58730,58730,312,"00200 ORCHARD ST 205, New Haven, CT",No_Match,NA,"210 Orchard St, New Haven, Ct, 06511",-72.9431577,41.3074268,NA,NA,NA,NA,NA,NA,09009140800,"210 ORCHARD ST, New Haven, CT, 06511",FALSE,FALSE
315 1288 02015,PBBX,00200 ORCHARD ST 206,Yale-New Haven Hospital Inc,NA,8881/342,0,0,55580,55580,55580,313,"00200 ORCHARD ST 206, New Haven, CT",No_Match,NA,"211 Orchard St, New Haven, Ct, 06511",-72.9431577,41.3074269,NA,NA,NA,NA,NA,NA,09009140800,"211 ORCHARD ST, New Haven, CT, 06511",FALSE,FALSE
315 1288 02016,PBBX,00200 ORCHARD ST 207,Yale-New Haven Hospital Inc,NA,8881/342,0,0,99820,99820,99820,314,"00200 ORCHARD ST 207, New Haven, CT",No_Match,NA,"212 Orchard St, New Haven, Ct, 06511",-72.9431577,41.3074270,NA,NA,NA,NA,NA,NA,09009140800,"212 ORCHARD ST, New Haven, CT, 06511",FALSE,FALSE
315 1288 02021,PBBX,00200 ORCHARD ST 303,Yale-New Haven Hospital Inc,NA,8881/342,0,0,54390,54390,54390,315,"00200 ORCHARD ST 303, New Haven, CT",No_Match,NA,"213 Orchard St, New Haven, Ct, 06511",-72.9431577,41.3074271,NA,NA,NA,NA,NA,NA,09009140800,"213 ORCHARD ST, New Haven, CT, 06511",FALSE,FALSE
315 1288 02022,PBBX,00200 ORCHARD ST 304,Yale-New Haven Hospital Inc,NA,8881/342,0,0,38360,38360,38360,316,"00200 ORCHARD ST 304, New Haven, CT",No_Match,NA,"214 Orchard St, New Haven, Ct, 06511",-72.9431577,41.3074272,NA,NA,NA,NA,NA,NA,09009140800,"214 ORCHARD ST, New Haven, CT, 06511",FALSE,FALSE
315 1288 02024,PBBX,00200 ORCHARD ST 306,Yale-New Haven Hospital Inc,NA,8881/342,0,0,57190,57190,57190,317,"00200 ORCHARD ST 306, New Haven, CT",No_Match,NA,"215 Orchard St, New Haven, Ct, 06511",-72.9431577,41.3074273,NA,NA,NA,NA,NA,NA,09009140800,"215 ORCHARD ST, New Haven, CT, 06511",FALSE,FALSE
315 1288 02028,PBBX,00200 ORCHARD ST 310,Yale-New Haven Hospital Inc,NA,8881/342,0,0,59500,59500,59500,318,"00200 ORCHARD ST 310, New Haven, CT",No_Match,NA,"216 Orchard St, New Haven, Ct, 06511",-72.9431577,41.3074274,NA,NA,NA,NA,NA,NA,09009140800,"216 ORCHARD ST, New Haven, CT, 06511",FALSE,FALSE
315 1288 02029,PBBX,00200 ORCHARD ST 401,Yale-New Haven Hospital Inc,NA,8881/342,0,0,91770,91770,91770,319,"00200 ORCHARD ST 401, New Haven, CT",No_Match,NA,"217 Orchard St, New Haven, Ct, 06511",-72.9431577,41.3074275,NA,NA,NA,NA,NA,NA,09009140800,"217 ORCHARD ST, New Haven, CT, 06511",FALSE,FALSE
315 1288 02031,PBBX,00200 ORCHARD ST 403,Yale-New Haven Hospital Inc,NA,8881/342,0,0,65730,65730,65730,320,"00200 ORCHARD ST 403, New Haven, CT",No_Match,NA,"218 Orchard St, New Haven, Ct, 06511",-72.9431577,41.3074276,NA,NA,NA,NA,NA,NA,09009140800,"218 ORCHARD ST, New Haven, CT, 06511",FALSE,FALSE
315 1288 02032,PBBX,00200 ORCHARD ST 404,Yale-New Haven Hospital Inc,NA,8881/342,0,0,89180,89180,89180,321,"00200 ORCHARD ST 404, New Haven, CT",No_Match,NA,"219 Orchard St, New Haven, Ct, 06511",-72.9431577,41.3074277,NA,NA,NA,NA,NA,NA,09009140800,"219 ORCHARD ST, New Haven, CT, 06511",FALSE,FALSE
315 1288 02033,PBBX,00200 ORCHARD ST 405,Yale-New Haven Hospital Inc,NA,8881/342,0,0,91000,91000,91000,322,"00200 ORCHARD ST 405, New Haven, CT",No_Match,NA,"220 Orchard St, New Haven, Ct, 06511",-72.9431577,41.3074278,NA,NA,NA,NA,NA,NA,09009140800,"220 ORCHARD ST, New Haven, CT, 06511",FALSE,FALSE
315 1288 02034,PBBX,00200 ORCHARD ST 406,Yale-New Haven Hospital Inc,NA,8881/342,0,0,86800,86800,86800,323,"00200 ORCHARD ST 406, New Haven, CT",No_Match,NA,"221 Orchard St, New Haven, Ct, 06511",-72.9431577,41.3074279,NA,NA,NA,NA,NA,NA,09009140800,"221 ORCHARD ST, New Haven, CT, 06511",FALSE,FALSE
315 1288 02035,PBBX,00200 ORCHARD ST 407,Yale-New Haven Hospital Inc,NA,8881/342,0,0,59430,59430,59430,324,"00200 ORCHARD ST 407, New Haven, CT",No_Match,NA,"222 Orchard St, New Haven, Ct, 06511",-72.9431577,41.3074280,NA,NA,NA,NA,NA,NA,09009140800,"222 ORCHARD ST, New Haven, CT, 06511",FALSE,FALSE
315 1288 02036,PBBX,00200 ORCHARD ST 408,Yale-New Haven Hospital Inc,NA,8881/342,0,0,91770,91770,91770,325,"00200 ORCHARD ST 408, New Haven, CT",No_Match,NA,"223 Orchard St, New Haven, Ct, 06511",-72.9431577,41.3074281,NA,NA,NA,NA,NA,NA,09009140800,"223 ORCHARD ST, New Haven, CT, 06511",FALSE,FALSE
315 1290 00800,PBBX,00233 ORCHARD ST,Yale-New Haven Hospital Inc,NA,8881/335,0.01,490,0,490,490,326,"00233 ORCHARD ST, New Haven, CT",Match,Exact,"233 Orchard St, New Haven, Ct, 06511",-72.9423,41.307865,3700359,R,9,9,140800,1006,09009140800,NA,NA,NA
315 1293 00100,PBBX,00285 ORCHARD ST,Yale-New Haven Hospital Inc,NA,8881/311,0.14,51310,8610,59920,59920,327,"00285 ORCHARD ST, New Haven, CT",Match,Exact,"285 Orchard St, New Haven, Ct, 06511",-72.942116,41.308826,3700355,R,9,9,140800,1007,09009140800,NA,NA,NA
315 1293 00200,PBBX,00289 ORCHARD ST,Yale-New Haven Hospital Inc,NA,8881/311,0.14,51380,9800,61180,61180,328,"00289 ORCHARD ST, New Haven, CT",Match,Exact,"289 Orchard St, New Haven, Ct, 06511",-72.94211,41.308884,3700355,R,9,9,140800,1007,09009140800,NA,NA,NA
315 1293 00400,PBBX,00301 ORCHARD ST,Yale-New Haven Hospital Inc,NA,8881/311,0.2,53970,11480,65450,65450,329,"00301 ORCHARD ST, New Haven, CT",Match,Exact,"301 Orchard St, New Haven, Ct, 06511",-72.94201,41.309223,3700357,R,9,9,140800,1000,09009140800,NA,NA,NA
279 0163 00100,PBBX,00318 OAK ST,Yale New Haven Hospital Inc -Mcs-2,NA,3069/12,0.06,43820,3570,47390,47390,330,"00318 OAK ST, New Haven, CT",No_Match,NA,"318 Oak St, New Haven, Ct, 06511",-72.940381,41.327048,NA,NA,NA,NA,NA,NA,09009141500,"318 OAK ST, NEW HAVEN, CT, 06511",FALSE,FALSE
315 1293 00402,PBBX,00323 ORCHARD ST,Yale-New Haven Hospital Inc,NA,8881/311,1,1620010,3784830,5404840,5404840,331,"00323 ORCHARD ST, New Haven, CT",Match,Exact,"323 Orchard St, New Haven, Ct, 06511",-72.941666,41.310028,3700357,R,9,9,140800,1000,09009140800,NA,NA,NA
317 0213 00102,PBBX,00330 ORCHARD ST,Yale-New Haven Hospital Inc,NA,8881/296,1.38,1778560,20460790,22239350,22239350,332,"00330 ORCHARD ST, New Haven, CT",Match,Exact,"330 Orchard St, New Haven, Ct, 06511",-72.94158,41.310265,3700357,L,9,9,140800,1001,09009140800,NA,NA,NA
279 0217 01700,PBBX,00425 GEORGE ST,Yale New Haven Hospital Inc -Mcs-2,NA,4906/66,0.79,215530,972650,1188180,1188180,333,"00425 GEORGE ST, New Haven, CT",Match,Exact,"425 George St, New Haven, Ct, 06511",-72.9357,41.307297,3700442,R,9,9,361401,2001,09009361401,NA,NA,NA
297 0215 01600,PBBX,00501 GEORGE ST,Yale-New Haven Hospital Inc,NA,9627/218,0.34,59640,1090670,1150310,1150310,334,"00501 GEORGE ST, New Haven, CT",Match,Exact,"501 George St, New Haven, Ct, 06511",-72.93816,41.308296,3700417,R,9,9,140700,3001,09009140700,NA,NA,NA
315 1293 03200,PBBX,00579 GEORGE ST,Yale-New Haven Hospital Inc,NA,8881/311,0.21,34230,13230,47460,47460,335,"00579 GEORGE ST, New Haven, CT",Match,Exact,"579 George St, New Haven, Ct, 06511",-72.94093,41.308887,637983143,R,9,9,140800,1000,09009140800,NA,NA,NA
315 1293 03300,PBBX,00583 GEORGE ST,Yale-New Haven Hospital Inc,NA,8881/311,0.09,31360,5950,37310,37310,336,"00583 GEORGE ST, New Haven, CT",Match,Exact,"583 George St, New Haven, Ct, 06511",-72.94096,41.30889,637983143,R,9,9,140800,1000,09009140800,NA,NA,NA
315 1289 01200,PBBX,00600 GEORGE ST,Yale-New Haven Hospital Inc,NA,8881/335,0.16,31710,700,32410,32410,337,"00600 GEORGE ST, New Haven, CT",Match,Exact,"600 George St, New Haven, Ct, 06511",-72.94219,41.309124,3700335,L,9,9,140800,1002,09009140800,NA,NA,NA
317 0213 00200,PBBX,00629 GEORGE ST,Yale-New Haven Hospital Inc,NA,8881/296,1.18,1390480,280,1390760,1390760,338,"00629 GEORGE ST, New Haven, CT",Match,Exact,"629 George St, New Haven, Ct, 06511",-72.94409,41.30951,638553037,R,9,9,140800,1001,09009140800,NA,NA,NA
317 0213 00201,PBBX,00629 GEORGE ST,Yale-New Haven Hospital Inc,NA,8881/296,0,0,6250580,6250580,6250580,339,"00629 GEORGE ST, New Haven, CT",Match,Exact,"629 George St, New Haven, Ct, 06511",-72.94409,41.30951,638553037,R,9,9,140800,1001,09009140800,NA,NA,NA
317 0197 00700,PBBX,00646 GEORGE ST,Yale-New Haven Hospital Inc,NA,8881/335,0.13,50540,169610,220150,220150,340,"00646 GEORGE ST, New Haven, CT",Match,Exact,"646 George St, New Haven, Ct, 06511",-72.943924,41.30946,638553037,L,9,9,140800,1003,09009140800,NA,NA,NA
263 0135 00100,PBBX,00789 HOWARD AV,Yale New Haven Hospital -Mcs-2,NA,3302/306,5.54,14967960,131622750,146590710,146590710,341,"00789 HOWARD AV, New Haven, CT",Match,Exact,"789 Howard Ave, New Haven, Ct, 06519",-72.93543,41.301594,3700547,R,9,9,140300,2009,09009140300,NA,NA,NA
278 0149 01200,PBBX,00836 HOWARD AV,Yale-New Haven Hospital Inc,NA,8880/10,0.11,95410,177520,272930,272930,342,"00836 HOWARD AV, New Haven, CT",Match,Exact,"836 Howard Ave, New Haven, Ct, 06519",-72.93668,41.30381,3700543,L,9,9,140600,1006,09009140600,NA,NA,NA
278 0149 01100,PBBX,00840 HOWARD AV,Yale-New Haven Hospital Inc,NA,8880/10,0.13,98560,253400,351960,351960,343,"00840 HOWARD AV, New Haven, CT",Match,Exact,"840 Howard Ave, New Haven, Ct, 06519",-72.936714,41.30387,3700543,L,9,9,140600,1006,09009140600,NA,NA,NA
278 0149 01000,PBBX,00842 HOWARD AV,Yale-New Haven Hospital Inc,NA,8880/10,0.11,94430,120540,214970,214970,344,"00842 HOWARD AV, New Haven, CT",Match,Exact,"842 Howard Ave, New Haven, Ct, 06519",-72.93673,41.3039,3700543,L,9,9,140600,1006,09009140600,NA,NA,NA
278 0149 00600,PBBX,00860 HOWARD AV,Ronald Mcdonald House Charities Of Conn,NA,9391/148,0.62,136710,5967640,6104350,6104350,345,"00860 HOWARD AV, New Haven, CT",Match,Exact,"860 Howard Ave, New Haven, Ct, 06519",-72.93687,41.304173,3700543,L,9,9,140600,1006,09009140600,NA,NA,NA
278 0149 00200,PBBX,00878 HOWARD AV,Yale New Haven Hospital Inc -Mcs-2,NA,7842/215,0.4,121030,757260,878290,878290,346,"00878 HOWARD AV, New Haven, CT",Match,Exact,"878 Howard Ave, New Haven, Ct, 06519",-72.93708,41.304657,3700525,L,9,9,140600,1006,09009140600,NA,NA,NA
298 0161 02100,PBBX,00912 HOWARD AV,Yale-New Haven Hospital Inc,NA,9081/4,0.86,3177860,0,3177860,3177860,347,"00912 HOWARD AV, New Haven, CT",Match,Exact,"912 Howard Ave, New Haven, Ct, 06519",-72.93736,41.305256,3700430,L,9,9,140600,1000,09009140600,NA,NA,NA
298 0161 01800,PBBX,00914 HOWARD AV,Yale-New Haven Hospital Inc,NA,9081/4,0.14,29540,8960,38500,38500,348,"00914 HOWARD AV, New Haven, CT",Match,Exact,"914 Howard Ave, New Haven, Ct, 06519",-72.93738,41.30527,3700430,L,9,9,140600,1000,09009140600,NA,NA,NA
298 0161 02001,PBBX,00914 HOWARD AV,Yale-New Haven Hospital Inc,NA,8324/304,0.15,59430,0,59430,59430,349,"00914 HOWARD AV, New Haven, CT",Match,Exact,"914 Howard Ave, New Haven, Ct, 06519",-72.93738,41.30527,3700430,L,9,9,140600,1000,09009140600,NA,NA,NA
315 1293 01600,PBBX,01342 CHAPEL ST,Yale-New Haven Hospital Inc,NA,8881/311,0.29,57680,14350,72030,72030,350,"01342 CHAPEL ST, New Haven, CT",Tie,NA,"1342 Chapel St, New Haven, Ct, 06511",-72.93982,41.31026,NA,NA,NA,NA,NA,NA,09009140800,"1342 CHAPEL ST, NEW HAVEN, CT, 06511",FALSE,FALSE
315 1293 00900,PBBX,01380 CHAPEL ST,Yale-New Haven Hospital Inc,NA,8881/311,0.11,48370,242130,290500,290500,351,"01380 CHAPEL ST, New Haven, CT",Match,Exact,"1380 Chapel St, New Haven, Ct, 06515",-72.94246,41.31085,3700354,L,9,9,140800,1001,09009140800,NA,NA,NA
316 0243 02500,PBBX,01389 CHAPEL ST,Yale-New Haven Hospital Inc,NA,8881/335,0.17,52640,322560,375200,375200,352,"01389 CHAPEL ST, New Haven, CT",Match,Exact,"1389 Chapel St, New Haven, Ct, 06511",-72.941505,41.310673,3700354,R,9,9,140700,1002,09009140700,NA,NA,NA
318 0242 02800,PBBX,01441 CHAPEL ST,Yale-New Haven Hospital Inc,NA,8881/335,0.27,56630,345170,401800,401800,353,"01441 CHAPEL ST, New Haven, CT",Match,Exact,"1441 Chapel St, New Haven, Ct, 06511",-72.943474,41.311066,638548845,R,9,9,140700,1003,09009140700,NA,NA,NA
317 0213 00100,PBBX,01450 CHAPEL ST,Yale-New Haven Hospital Inc,NA,8881/296,8.11,14931910,262468290,277400200,277400200,354,"01450 CHAPEL ST, New Haven, CT",Match,Exact,"1450 Chapel St, New Haven, Ct, 06511",-72.94401,41.311165,638548845,L,9,9,140800,1001,09009140800,NA,NA,NA
