name,label,concept
B03002_001,Estimate!!Total,HISPANIC OR LATINO ORIGIN BY RACE
B03002_002,Estimate!!Total!!Not Hispanic or Latino,HISPANIC OR LATINO ORIGIN BY RACE
B03002_003,Estimate!!Total!!Not Hispanic or Latino!!White alone,HISPANIC OR LATINO ORIGIN BY RACE
B03002_004,Estimate!!Total!!Not Hispanic or Latino!!Black or African American alone,HISPANIC OR LATINO ORIGIN BY RACE
B03002_005,Estimate!!Total!!Not Hispanic or Latino!!American Indian and Alaska Native alone,HISPANIC OR LATINO ORIGIN BY RACE
B03002_006,Estimate!!Total!!Not Hispanic or Latino!!Asian alone,HISPANIC OR LATINO ORIGIN BY RACE
B03002_007,Estimate!!Total!!Not Hispanic or Latino!!Native Hawaiian and Other Pacific Islander alone,HISPANIC OR LATINO ORIGIN BY RACE
B03002_008,Estimate!!Total!!Not Hispanic or Latino!!Some other race alone,HISPANIC OR LATINO ORIGIN BY RACE
B03002_009,Estimate!!Total!!Not Hispanic or Latino!!Two or more races,HISPANIC OR LATINO ORIGIN BY RACE
B03002_010,Estimate!!Total!!Not Hispanic or Latino!!Two or more races!!Two races including Some other race,HISPANIC OR LATINO ORIGIN BY RACE
B03002_011,"Estimate!!Total!!Not Hispanic or Latino!!Two or more races!!Two races excluding Some other race, and three or more races",HISPANIC OR LATINO ORIGIN BY RACE
B03002_012,Estimate!!Total!!Hispanic or Latino,HISPANIC OR LATINO ORIGIN BY RACE
B03002_013,Estimate!!Total!!Hispanic or Latino!!White alone,HISPANIC OR LATINO ORIGIN BY RACE
B03002_014,Estimate!!Total!!Hispanic or Latino!!Black or African American alone,HISPANIC OR LATINO ORIGIN BY RACE
B03002_015,Estimate!!Total!!Hispanic or Latino!!American Indian and Alaska Native alone,HISPANIC OR LATINO ORIGIN BY RACE
B03002_016,Estimate!!Total!!Hispanic or Latino!!Asian alone,HISPANIC OR LATINO ORIGIN BY RACE
B03002_017,Estimate!!Total!!Hispanic or Latino!!Native Hawaiian and Other Pacific Islander alone,HISPANIC OR LATINO ORIGIN BY RACE
B03002_018,Estimate!!Total!!Hispanic or Latino!!Some other race alone,HISPANIC OR LATINO ORIGIN BY RACE
B03002_019,Estimate!!Total!!Hispanic or Latino!!Two or more races,HISPANIC OR LATINO ORIGIN BY RACE
B03002_020,Estimate!!Total!!Hispanic or Latino!!Two or more races!!Two races including Some other race,HISPANIC OR LATINO ORIGIN BY RACE
B03002_021,"Estimate!!Total!!Hispanic or Latino!!Two or more races!!Two races excluding Some other race, and three or more races",HISPANIC OR LATINO ORIGIN BY RACE
B07004A_001,Estimate!!Total,GEOGRAPHICAL MOBILITY IN THE PAST YEAR (WHITE ALONE) FOR CURRENT RESIDENCE IN THE UNITED STATES
B07004A_002,Estimate!!Total!!Same house 1 year ago,GEOGRAPHICAL MOBILITY IN THE PAST YEAR (WHITE ALONE) FOR CURRENT RESIDENCE IN THE UNITED STATES
B07004A_003,Estimate!!Total!!Moved within same county,GEOGRAPHICAL MOBILITY IN THE PAST YEAR (WHITE ALONE) FOR CURRENT RESIDENCE IN THE UNITED STATES
B07004A_004,Estimate!!Total!!Moved from different county within same state,GEOGRAPHICAL MOBILITY IN THE PAST YEAR (WHITE ALONE) FOR CURRENT RESIDENCE IN THE UNITED STATES
B07004A_005,Estimate!!Total!!Moved from different state,GEOGRAPHICAL MOBILITY IN THE PAST YEAR (WHITE ALONE) FOR CURRENT RESIDENCE IN THE UNITED STATES
B07004A_006,Estimate!!Total!!Moved from abroad,GEOGRAPHICAL MOBILITY IN THE PAST YEAR (WHITE ALONE) FOR CURRENT RESIDENCE IN THE UNITED STATES
B07004APR_001,Estimate!!Total,GEOGRAPHICAL MOBILITY IN THE PAST YEAR (WHITE ALONE) FOR CURRENT RESIDENCE IN PUERTO RICO
B07004APR_002,Estimate!!Total!!Same house 1 year ago,GEOGRAPHICAL MOBILITY IN THE PAST YEAR (WHITE ALONE) FOR CURRENT RESIDENCE IN PUERTO RICO
B07004APR_003,Estimate!!Total!!Moved within same municipio,GEOGRAPHICAL MOBILITY IN THE PAST YEAR (WHITE ALONE) FOR CURRENT RESIDENCE IN PUERTO RICO
B07004APR_004,Estimate!!Total!!Moved from different municipio,GEOGRAPHICAL MOBILITY IN THE PAST YEAR (WHITE ALONE) FOR CURRENT RESIDENCE IN PUERTO RICO
B07004APR_005,Estimate!!Total!!Moved from the United States,GEOGRAPHICAL MOBILITY IN THE PAST YEAR (WHITE ALONE) FOR CURRENT RESIDENCE IN PUERTO RICO
B07004APR_006,Estimate!!Total!!Moved from elsewhere,GEOGRAPHICAL MOBILITY IN THE PAST YEAR (WHITE ALONE) FOR CURRENT RESIDENCE IN PUERTO RICO
B07004B_001,Estimate!!Total,GEOGRAPHICAL MOBILITY IN THE PAST YEAR (BLACK OR AFRICAN AMERICAN ALONE) FOR CURRENT RESIDENCE IN THE UNITED STATES
B07004B_002,Estimate!!Total!!Same house 1 year ago,GEOGRAPHICAL MOBILITY IN THE PAST YEAR (BLACK OR AFRICAN AMERICAN ALONE) FOR CURRENT RESIDENCE IN THE UNITED STATES
B07004B_003,Estimate!!Total!!Moved within same county,GEOGRAPHICAL MOBILITY IN THE PAST YEAR (BLACK OR AFRICAN AMERICAN ALONE) FOR CURRENT RESIDENCE IN THE UNITED STATES
B07004B_004,Estimate!!Total!!Moved from different county within same state,GEOGRAPHICAL MOBILITY IN THE PAST YEAR (BLACK OR AFRICAN AMERICAN ALONE) FOR CURRENT RESIDENCE IN THE UNITED STATES
B07004B_005,Estimate!!Total!!Moved from different state,GEOGRAPHICAL MOBILITY IN THE PAST YEAR (BLACK OR AFRICAN AMERICAN ALONE) FOR CURRENT RESIDENCE IN THE UNITED STATES
B07004B_006,Estimate!!Total!!Moved from abroad,GEOGRAPHICAL MOBILITY IN THE PAST YEAR (BLACK OR AFRICAN AMERICAN ALONE) FOR CURRENT RESIDENCE IN THE UNITED STATES
B07004BPR_001,Estimate!!Total,GEOGRAPHICAL MOBILITY IN THE PAST YEAR (BLACK OR AFRICAN AMERICAN ALONE) FOR CURRENT RESIDENCE IN PUERTO RICO
B07004BPR_002,Estimate!!Total!!Same house 1 year ago,GEOGRAPHICAL MOBILITY IN THE PAST YEAR (BLACK OR AFRICAN AMERICAN ALONE) FOR CURRENT RESIDENCE IN PUERTO RICO
B07004BPR_003,Estimate!!Total!!Moved within same municipio,GEOGRAPHICAL MOBILITY IN THE PAST YEAR (BLACK OR AFRICAN AMERICAN ALONE) FOR CURRENT RESIDENCE IN PUERTO RICO
B07004BPR_004,Estimate!!Total!!Moved from different municipio,GEOGRAPHICAL MOBILITY IN THE PAST YEAR (BLACK OR AFRICAN AMERICAN ALONE) FOR CURRENT RESIDENCE IN PUERTO RICO
B07004BPR_005,Estimate!!Total!!Moved from the United States,GEOGRAPHICAL MOBILITY IN THE PAST YEAR (BLACK OR AFRICAN AMERICAN ALONE) FOR CURRENT RESIDENCE IN PUERTO RICO
B07004BPR_006,Estimate!!Total!!Moved from elsewhere,GEOGRAPHICAL MOBILITY IN THE PAST YEAR (BLACK OR AFRICAN AMERICAN ALONE) FOR CURRENT RESIDENCE IN PUERTO RICO
B07004C_001,Estimate!!Total,GEOGRAPHICAL MOBILITY IN THE PAST YEAR (AMERICAN INDIAN AND ALASKA NATIVE ALONE) FOR CURRENT RESIDENCE IN THE UNITED STATES
B07004C_002,Estimate!!Total!!Same house 1 year ago,GEOGRAPHICAL MOBILITY IN THE PAST YEAR (AMERICAN INDIAN AND ALASKA NATIVE ALONE) FOR CURRENT RESIDENCE IN THE UNITED STATES
B07004C_003,Estimate!!Total!!Moved within same county,GEOGRAPHICAL MOBILITY IN THE PAST YEAR (AMERICAN INDIAN AND ALASKA NATIVE ALONE) FOR CURRENT RESIDENCE IN THE UNITED STATES
B07004C_004,Estimate!!Total!!Moved from different county within same state,GEOGRAPHICAL MOBILITY IN THE PAST YEAR (AMERICAN INDIAN AND ALASKA NATIVE ALONE) FOR CURRENT RESIDENCE IN THE UNITED STATES
B07004C_005,Estimate!!Total!!Moved from different state,GEOGRAPHICAL MOBILITY IN THE PAST YEAR (AMERICAN INDIAN AND ALASKA NATIVE ALONE) FOR CURRENT RESIDENCE IN THE UNITED STATES
B07004C_006,Estimate!!Total!!Moved from abroad,GEOGRAPHICAL MOBILITY IN THE PAST YEAR (AMERICAN INDIAN AND ALASKA NATIVE ALONE) FOR CURRENT RESIDENCE IN THE UNITED STATES
B07004CPR_001,Estimate!!Total,GEOGRAPHICAL MOBILITY IN THE PAST YEAR (AMERICAN INDIAN AND ALASKA NATIVE ALONE) FOR CURRENT RESIDENCE IN PUERTO RICO
B07004CPR_002,Estimate!!Total!!Same house 1 year ago,GEOGRAPHICAL MOBILITY IN THE PAST YEAR (AMERICAN INDIAN AND ALASKA NATIVE ALONE) FOR CURRENT RESIDENCE IN PUERTO RICO
B07004CPR_003,Estimate!!Total!!Moved within same municipio,GEOGRAPHICAL MOBILITY IN THE PAST YEAR (AMERICAN INDIAN AND ALASKA NATIVE ALONE) FOR CURRENT RESIDENCE IN PUERTO RICO
B07004CPR_004,Estimate!!Total!!Moved from different municipio,GEOGRAPHICAL MOBILITY IN THE PAST YEAR (AMERICAN INDIAN AND ALASKA NATIVE ALONE) FOR CURRENT RESIDENCE IN PUERTO RICO
B07004CPR_005,Estimate!!Total!!Moved from the United States,GEOGRAPHICAL MOBILITY IN THE PAST YEAR (AMERICAN INDIAN AND ALASKA NATIVE ALONE) FOR CURRENT RESIDENCE IN PUERTO RICO
B07004CPR_006,Estimate!!Total!!Moved from elsewhere,GEOGRAPHICAL MOBILITY IN THE PAST YEAR (AMERICAN INDIAN AND ALASKA NATIVE ALONE) FOR CURRENT RESIDENCE IN PUERTO RICO
B07004D_001,Estimate!!Total,GEOGRAPHICAL MOBILITY IN THE PAST YEAR (ASIAN ALONE) FOR CURRENT RESIDENCE IN THE UNITED STATES
B07004D_002,Estimate!!Total!!Same house 1 year ago,GEOGRAPHICAL MOBILITY IN THE PAST YEAR (ASIAN ALONE) FOR CURRENT RESIDENCE IN THE UNITED STATES
B07004D_003,Estimate!!Total!!Moved within same county,GEOGRAPHICAL MOBILITY IN THE PAST YEAR (ASIAN ALONE) FOR CURRENT RESIDENCE IN THE UNITED STATES
B07004D_004,Estimate!!Total!!Moved from different county within same state,GEOGRAPHICAL MOBILITY IN THE PAST YEAR (ASIAN ALONE) FOR CURRENT RESIDENCE IN THE UNITED STATES
B07004D_005,Estimate!!Total!!Moved from different state,GEOGRAPHICAL MOBILITY IN THE PAST YEAR (ASIAN ALONE) FOR CURRENT RESIDENCE IN THE UNITED STATES
B07004D_006,Estimate!!Total!!Moved from abroad,GEOGRAPHICAL MOBILITY IN THE PAST YEAR (ASIAN ALONE) FOR CURRENT RESIDENCE IN THE UNITED STATES
B07004DPR_001,Estimate!!Total,GEOGRAPHICAL MOBILITY IN THE PAST YEAR (ASIAN ALONE) FOR CURRENT RESIDENCE IN PUERTO RICO
B07004DPR_002,Estimate!!Total!!Same house 1 year ago,GEOGRAPHICAL MOBILITY IN THE PAST YEAR (ASIAN ALONE) FOR CURRENT RESIDENCE IN PUERTO RICO
B07004DPR_003,Estimate!!Total!!Moved within same municipio,GEOGRAPHICAL MOBILITY IN THE PAST YEAR (ASIAN ALONE) FOR CURRENT RESIDENCE IN PUERTO RICO
B07004DPR_004,Estimate!!Total!!Moved from different municipio,GEOGRAPHICAL MOBILITY IN THE PAST YEAR (ASIAN ALONE) FOR CURRENT RESIDENCE IN PUERTO RICO
B07004DPR_005,Estimate!!Total!!Moved from the United States,GEOGRAPHICAL MOBILITY IN THE PAST YEAR (ASIAN ALONE) FOR CURRENT RESIDENCE IN PUERTO RICO
B07004DPR_006,Estimate!!Total!!Moved from elsewhere,GEOGRAPHICAL MOBILITY IN THE PAST YEAR (ASIAN ALONE) FOR CURRENT RESIDENCE IN PUERTO RICO
B07004E_001,Estimate!!Total,GEOGRAPHICAL MOBILITY IN THE PAST YEAR (NATIVE HAWAIIAN AND OTHER PACIFIC ISLANDER ALONE) FOR CURRENT RESIDENCE IN THE UNITED STATES
B07004E_002,Estimate!!Total!!Same house 1 year ago,GEOGRAPHICAL MOBILITY IN THE PAST YEAR (NATIVE HAWAIIAN AND OTHER PACIFIC ISLANDER ALONE) FOR CURRENT RESIDENCE IN THE UNITED STATES
B07004E_003,Estimate!!Total!!Moved within same county,GEOGRAPHICAL MOBILITY IN THE PAST YEAR (NATIVE HAWAIIAN AND OTHER PACIFIC ISLANDER ALONE) FOR CURRENT RESIDENCE IN THE UNITED STATES
B07004E_004,Estimate!!Total!!Moved from different county within same state,GEOGRAPHICAL MOBILITY IN THE PAST YEAR (NATIVE HAWAIIAN AND OTHER PACIFIC ISLANDER ALONE) FOR CURRENT RESIDENCE IN THE UNITED STATES
B07004E_005,Estimate!!Total!!Moved from different state,GEOGRAPHICAL MOBILITY IN THE PAST YEAR (NATIVE HAWAIIAN AND OTHER PACIFIC ISLANDER ALONE) FOR CURRENT RESIDENCE IN THE UNITED STATES
B07004E_006,Estimate!!Total!!Moved from abroad,GEOGRAPHICAL MOBILITY IN THE PAST YEAR (NATIVE HAWAIIAN AND OTHER PACIFIC ISLANDER ALONE) FOR CURRENT RESIDENCE IN THE UNITED STATES
B07004EPR_001,Estimate!!Total,GEOGRAPHICAL MOBILITY IN THE PAST YEAR (NATIVE HAWAIIAN AND OTHER PACIFIC ISLANDER ALONE) FOR CURRENT RESIDENCE IN PUERTO RICO
B07004EPR_002,Estimate!!Total!!Same house 1 year ago,GEOGRAPHICAL MOBILITY IN THE PAST YEAR (NATIVE HAWAIIAN AND OTHER PACIFIC ISLANDER ALONE) FOR CURRENT RESIDENCE IN PUERTO RICO
B07004EPR_003,Estimate!!Total!!Moved within same municipio,GEOGRAPHICAL MOBILITY IN THE PAST YEAR (NATIVE HAWAIIAN AND OTHER PACIFIC ISLANDER ALONE) FOR CURRENT RESIDENCE IN PUERTO RICO
B07004EPR_004,Estimate!!Total!!Moved from different municipio,GEOGRAPHICAL MOBILITY IN THE PAST YEAR (NATIVE HAWAIIAN AND OTHER PACIFIC ISLANDER ALONE) FOR CURRENT RESIDENCE IN PUERTO RICO
B07004EPR_005,Estimate!!Total!!Moved from the United States,GEOGRAPHICAL MOBILITY IN THE PAST YEAR (NATIVE HAWAIIAN AND OTHER PACIFIC ISLANDER ALONE) FOR CURRENT RESIDENCE IN PUERTO RICO
B07004EPR_006,Estimate!!Total!!Moved from elsewhere,GEOGRAPHICAL MOBILITY IN THE PAST YEAR (NATIVE HAWAIIAN AND OTHER PACIFIC ISLANDER ALONE) FOR CURRENT RESIDENCE IN PUERTO RICO
B07004F_001,Estimate!!Total,GEOGRAPHICAL MOBILITY IN THE PAST YEAR (SOME OTHER RACE ALONE) FOR CURRENT RESIDENCE IN THE UNITED STATES
B07004F_002,Estimate!!Total!!Same house 1 year ago,GEOGRAPHICAL MOBILITY IN THE PAST YEAR (SOME OTHER RACE ALONE) FOR CURRENT RESIDENCE IN THE UNITED STATES
B07004F_003,Estimate!!Total!!Moved within same county,GEOGRAPHICAL MOBILITY IN THE PAST YEAR (SOME OTHER RACE ALONE) FOR CURRENT RESIDENCE IN THE UNITED STATES
B07004F_004,Estimate!!Total!!Moved from different county within same state,GEOGRAPHICAL MOBILITY IN THE PAST YEAR (SOME OTHER RACE ALONE) FOR CURRENT RESIDENCE IN THE UNITED STATES
B07004F_005,Estimate!!Total!!Moved from different state,GEOGRAPHICAL MOBILITY IN THE PAST YEAR (SOME OTHER RACE ALONE) FOR CURRENT RESIDENCE IN THE UNITED STATES
B07004F_006,Estimate!!Total!!Moved from abroad,GEOGRAPHICAL MOBILITY IN THE PAST YEAR (SOME OTHER RACE ALONE) FOR CURRENT RESIDENCE IN THE UNITED STATES
B07004FPR_001,Estimate!!Total,GEOGRAPHICAL MOBILITY IN THE PAST YEAR (SOME OTHER RACE ALONE) FOR CURRENT RESIDENCE IN PUERTO RICO
B07004FPR_002,Estimate!!Total!!Same house 1 year ago,GEOGRAPHICAL MOBILITY IN THE PAST YEAR (SOME OTHER RACE ALONE) FOR CURRENT RESIDENCE IN PUERTO RICO
B07004FPR_003,Estimate!!Total!!Moved within same municipio,GEOGRAPHICAL MOBILITY IN THE PAST YEAR (SOME OTHER RACE ALONE) FOR CURRENT RESIDENCE IN PUERTO RICO
B07004FPR_004,Estimate!!Total!!Moved from different municipio,GEOGRAPHICAL MOBILITY IN THE PAST YEAR (SOME OTHER RACE ALONE) FOR CURRENT RESIDENCE IN PUERTO RICO
B07004FPR_005,Estimate!!Total!!Moved from the United States,GEOGRAPHICAL MOBILITY IN THE PAST YEAR (SOME OTHER RACE ALONE) FOR CURRENT RESIDENCE IN PUERTO RICO
B07004FPR_006,Estimate!!Total!!Moved from elsewhere,GEOGRAPHICAL MOBILITY IN THE PAST YEAR (SOME OTHER RACE ALONE) FOR CURRENT RESIDENCE IN PUERTO RICO
B07004G_001,Estimate!!Total,GEOGRAPHICAL MOBILITY IN THE PAST YEAR (TWO OR MORE RACES) FOR CURRENT RESIDENCE IN THE UNITED STATES
B07004G_002,Estimate!!Total!!Same house 1 year ago,GEOGRAPHICAL MOBILITY IN THE PAST YEAR (TWO OR MORE RACES) FOR CURRENT RESIDENCE IN THE UNITED STATES
B07004G_003,Estimate!!Total!!Moved within same county,GEOGRAPHICAL MOBILITY IN THE PAST YEAR (TWO OR MORE RACES) FOR CURRENT RESIDENCE IN THE UNITED STATES
B07004G_004,Estimate!!Total!!Moved from different county within same state,GEOGRAPHICAL MOBILITY IN THE PAST YEAR (TWO OR MORE RACES) FOR CURRENT RESIDENCE IN THE UNITED STATES
B07004G_005,Estimate!!Total!!Moved from different state,GEOGRAPHICAL MOBILITY IN THE PAST YEAR (TWO OR MORE RACES) FOR CURRENT RESIDENCE IN THE UNITED STATES
B07004G_006,Estimate!!Total!!Moved from abroad,GEOGRAPHICAL MOBILITY IN THE PAST YEAR (TWO OR MORE RACES) FOR CURRENT RESIDENCE IN THE UNITED STATES
B07004GPR_001,Estimate!!Total,GEOGRAPHICAL MOBILITY IN THE PAST YEAR (TWO OR MORE RACES) FOR CURRENT RESIDENCE IN PUERTO RICO
B07004GPR_002,Estimate!!Total!!Same house 1 year ago,GEOGRAPHICAL MOBILITY IN THE PAST YEAR (TWO OR MORE RACES) FOR CURRENT RESIDENCE IN PUERTO RICO
B07004GPR_003,Estimate!!Total!!Moved within same municipio,GEOGRAPHICAL MOBILITY IN THE PAST YEAR (TWO OR MORE RACES) FOR CURRENT RESIDENCE IN PUERTO RICO
B07004GPR_004,Estimate!!Total!!Moved from different municipio,GEOGRAPHICAL MOBILITY IN THE PAST YEAR (TWO OR MORE RACES) FOR CURRENT RESIDENCE IN PUERTO RICO
B07004GPR_005,Estimate!!Total!!Moved from the United States,GEOGRAPHICAL MOBILITY IN THE PAST YEAR (TWO OR MORE RACES) FOR CURRENT RESIDENCE IN PUERTO RICO
B07004GPR_006,Estimate!!Total!!Moved from elsewhere,GEOGRAPHICAL MOBILITY IN THE PAST YEAR (TWO OR MORE RACES) FOR CURRENT RESIDENCE IN PUERTO RICO
B07004H_001,Estimate!!Total,"GEOGRAPHICAL MOBILITY IN THE PAST YEAR (WHITE ALONE, NOT HISPANIC OR LATINO) FOR CURRENT RESIDENCE IN THE UNITED STATES"
B07004H_002,Estimate!!Total!!Same house 1 year ago,"GEOGRAPHICAL MOBILITY IN THE PAST YEAR (WHITE ALONE, NOT HISPANIC OR LATINO) FOR CURRENT RESIDENCE IN THE UNITED STATES"
B07004H_003,Estimate!!Total!!Moved within same county,"GEOGRAPHICAL MOBILITY IN THE PAST YEAR (WHITE ALONE, NOT HISPANIC OR LATINO) FOR CURRENT RESIDENCE IN THE UNITED STATES"
B07004H_004,Estimate!!Total!!Moved from different county within same state,"GEOGRAPHICAL MOBILITY IN THE PAST YEAR (WHITE ALONE, NOT HISPANIC OR LATINO) FOR CURRENT RESIDENCE IN THE UNITED STATES"
B07004H_005,Estimate!!Total!!Moved from different state,"GEOGRAPHICAL MOBILITY IN THE PAST YEAR (WHITE ALONE, NOT HISPANIC OR LATINO) FOR CURRENT RESIDENCE IN THE UNITED STATES"
B07004H_006,Estimate!!Total!!Moved from abroad,"GEOGRAPHICAL MOBILITY IN THE PAST YEAR (WHITE ALONE, NOT HISPANIC OR LATINO) FOR CURRENT RESIDENCE IN THE UNITED STATES"
B07004HPR_001,Estimate!!Total,"GEOGRAPHICAL MOBILITY IN THE PAST YEAR (WHITE ALONE, NOT HISPANIC OR LATINO) FOR CURRENT RESIDENCE IN PUERTO RICO"
B07004HPR_002,Estimate!!Total!!Same house 1 year ago,"GEOGRAPHICAL MOBILITY IN THE PAST YEAR (WHITE ALONE, NOT HISPANIC OR LATINO) FOR CURRENT RESIDENCE IN PUERTO RICO"
B07004HPR_003,Estimate!!Total!!Moved within same municipio,"GEOGRAPHICAL MOBILITY IN THE PAST YEAR (WHITE ALONE, NOT HISPANIC OR LATINO) FOR CURRENT RESIDENCE IN PUERTO RICO"
B07004HPR_004,Estimate!!Total!!Moved from different municipio,"GEOGRAPHICAL MOBILITY IN THE PAST YEAR (WHITE ALONE, NOT HISPANIC OR LATINO) FOR CURRENT RESIDENCE IN PUERTO RICO"
B07004HPR_005,Estimate!!Total!!Moved from the United States,"GEOGRAPHICAL MOBILITY IN THE PAST YEAR (WHITE ALONE, NOT HISPANIC OR LATINO) FOR CURRENT RESIDENCE IN PUERTO RICO"
B07004HPR_006,Estimate!!Total!!Moved from elsewhere,"GEOGRAPHICAL MOBILITY IN THE PAST YEAR (WHITE ALONE, NOT HISPANIC OR LATINO) FOR CURRENT RESIDENCE IN PUERTO RICO"
B07004I_001,Estimate!!Total,GEOGRAPHICAL MOBILITY IN THE PAST YEAR (HISPANIC OR LATINO) FOR CURRENT RESIDENCE IN THE UNITED STATES
B07004I_002,Estimate!!Total!!Same house 1 year ago,GEOGRAPHICAL MOBILITY IN THE PAST YEAR (HISPANIC OR LATINO) FOR CURRENT RESIDENCE IN THE UNITED STATES
B07004I_003,Estimate!!Total!!Moved within same county,GEOGRAPHICAL MOBILITY IN THE PAST YEAR (HISPANIC OR LATINO) FOR CURRENT RESIDENCE IN THE UNITED STATES
B07004I_004,Estimate!!Total!!Moved from different county within same state,GEOGRAPHICAL MOBILITY IN THE PAST YEAR (HISPANIC OR LATINO) FOR CURRENT RESIDENCE IN THE UNITED STATES
B07004I_005,Estimate!!Total!!Moved from different state,GEOGRAPHICAL MOBILITY IN THE PAST YEAR (HISPANIC OR LATINO) FOR CURRENT RESIDENCE IN THE UNITED STATES
B07004I_006,Estimate!!Total!!Moved from abroad,GEOGRAPHICAL MOBILITY IN THE PAST YEAR (HISPANIC OR LATINO) FOR CURRENT RESIDENCE IN THE UNITED STATES
B07004IPR_001,Estimate!!Total,GEOGRAPHICAL MOBILITY IN THE PAST YEAR (HISPANIC OR LATINO) FOR CURRENT RESIDENCE IN PUERTO RICO
B07004IPR_002,Estimate!!Total!!Same house 1 year ago,GEOGRAPHICAL MOBILITY IN THE PAST YEAR (HISPANIC OR LATINO) FOR CURRENT RESIDENCE IN PUERTO RICO
B07004IPR_003,Estimate!!Total!!Moved within same municipio,GEOGRAPHICAL MOBILITY IN THE PAST YEAR (HISPANIC OR LATINO) FOR CURRENT RESIDENCE IN PUERTO RICO
B07004IPR_004,Estimate!!Total!!Moved from different municipio,GEOGRAPHICAL MOBILITY IN THE PAST YEAR (HISPANIC OR LATINO) FOR CURRENT RESIDENCE IN PUERTO RICO
B07004IPR_005,Estimate!!Total!!Moved from the United States,GEOGRAPHICAL MOBILITY IN THE PAST YEAR (HISPANIC OR LATINO) FOR CURRENT RESIDENCE IN PUERTO RICO
B07004IPR_006,Estimate!!Total!!Moved from elsewhere,GEOGRAPHICAL MOBILITY IN THE PAST YEAR (HISPANIC OR LATINO) FOR CURRENT RESIDENCE IN PUERTO RICO
B19113_001,Estimate!!Median family income in the past 12 months (in 2018 inflation-adjusted dollars),MEDIAN FAMILY INCOME IN THE PAST 12 MONTHS (IN 2018 INFLATION-ADJUSTED DOLLARS)
B19113A_001,Estimate!!Median family income in the past 12 months (in 2018 inflation-adjusted dollars),MEDIAN FAMILY INCOME IN THE PAST 12 MONTHS (IN 2018 INFLATION-ADJUSTED DOLLARS) (WHITE ALONE HOUSEHOLDER)
B19113B_001,Estimate!!Median family income in the past 12 months (in 2018 inflation-adjusted dollars),MEDIAN FAMILY INCOME IN THE PAST 12 MONTHS (IN 2018 INFLATION-ADJUSTED DOLLARS) (BLACK OR AFRICAN AMERICAN ALONE HOUSEHOLDER)
B19113C_001,Estimate!!Median family income in the past 12 months (in 2018 inflation-adjusted dollars),MEDIAN FAMILY INCOME IN THE PAST 12 MONTHS (IN 2018 INFLATION-ADJUSTED DOLLARS) (AMERICAN INDIAN AND ALASKA NATIVE ALONE HOUSEHOLDER)
B19113D_001,Estimate!!Median family income in the past 12 months (in 2018 inflation-adjusted dollars),MEDIAN FAMILY INCOME IN THE PAST 12 MONTHS (IN 2018 INFLATION-ADJUSTED DOLLARS) (ASIAN ALONE HOUSEHOLDER)
B19113E_001,Estimate!!Median family income in the past 12 months (in 2018 inflation-adjusted dollars),MEDIAN FAMILY INCOME IN THE PAST 12 MONTHS (IN 2018 INFLATION-ADJUSTED DOLLARS) (NATIVE HAWAIIAN AND OTHER PACIFIC ISLANDER ALONE HOUSEHOLDER)
B19113F_001,Estimate!!Median family income in the past 12 months (in 2018 inflation-adjusted dollars),MEDIAN FAMILY INCOME IN THE PAST 12 MONTHS (IN 2018 INFLATION-ADJUSTED DOLLARS) (SOME OTHER RACE ALONE HOUSEHOLDER)
B19113G_001,Estimate!!Median family income in the past 12 months (in 2018 inflation-adjusted dollars),MEDIAN FAMILY INCOME IN THE PAST 12 MONTHS (IN 2018 INFLATION-ADJUSTED DOLLARS) (TWO OR MORE RACES)
B19113H_001,Estimate!!Median family income in the past 12 months (in 2018 inflation-adjusted dollars),"MEDIAN FAMILY INCOME IN THE PAST 12 MONTHS (IN 2018 INFLATION-ADJUSTED DOLLARS) (WHITE ALONE, NOT HISPANIC OR LATINO HOUSEHOLDER)"
B19113I_001,Estimate!!Median family income in the past 12 months (in 2018 inflation-adjusted dollars),MEDIAN FAMILY INCOME IN THE PAST 12 MONTHS (IN 2018 INFLATION-ADJUSTED DOLLARS) (HISPANIC OR LATINO HOUSEHOLDER)
B25003_001,Estimate!!Total,TENURE
B25003_002,Estimate!!Total!!Owner occupied,TENURE
B25003_003,Estimate!!Total!!Renter occupied,TENURE
B25003A_001,Estimate!!Total,TENURE (WHITE ALONE HOUSEHOLDER)
B25003A_002,Estimate!!Total!!Owner occupied,TENURE (WHITE ALONE HOUSEHOLDER)
B25003A_003,Estimate!!Total!!Renter occupied,TENURE (WHITE ALONE HOUSEHOLDER)
B25003B_001,Estimate!!Total,TENURE (BLACK OR AFRICAN AMERICAN ALONE HOUSEHOLDER)
B25003B_002,Estimate!!Total!!Owner occupied,TENURE (BLACK OR AFRICAN AMERICAN ALONE HOUSEHOLDER)
B25003B_003,Estimate!!Total!!Renter occupied,TENURE (BLACK OR AFRICAN AMERICAN ALONE HOUSEHOLDER)
B25003C_001,Estimate!!Total,TENURE (AMERICAN INDIAN AND ALASKA NATIVE ALONE HOUSEHOLDER)
B25003C_002,Estimate!!Total!!Owner occupied,TENURE (AMERICAN INDIAN AND ALASKA NATIVE ALONE HOUSEHOLDER)
B25003C_003,Estimate!!Total!!Renter occupied,TENURE (AMERICAN INDIAN AND ALASKA NATIVE ALONE HOUSEHOLDER)
B25003D_001,Estimate!!Total,TENURE (ASIAN ALONE HOUSEHOLDER)
B25003D_002,Estimate!!Total!!Owner occupied,TENURE (ASIAN ALONE HOUSEHOLDER)
B25003D_003,Estimate!!Total!!Renter occupied,TENURE (ASIAN ALONE HOUSEHOLDER)
B25003E_001,Estimate!!Total,TENURE (NATIVE HAWAIIAN AND OTHER PACIFIC ISLANDER ALONE HOUSEHOLDER)
B25003E_002,Estimate!!Total!!Owner occupied,TENURE (NATIVE HAWAIIAN AND OTHER PACIFIC ISLANDER ALONE HOUSEHOLDER)
B25003E_003,Estimate!!Total!!Renter occupied,TENURE (NATIVE HAWAIIAN AND OTHER PACIFIC ISLANDER ALONE HOUSEHOLDER)
B25003F_001,Estimate!!Total,TENURE (SOME OTHER RACE ALONE HOUSEHOLDER)
B25003F_002,Estimate!!Total!!Owner occupied,TENURE (SOME OTHER RACE ALONE HOUSEHOLDER)
B25003F_003,Estimate!!Total!!Renter occupied,TENURE (SOME OTHER RACE ALONE HOUSEHOLDER)
B25003G_001,Estimate!!Total,TENURE (TWO OR MORE RACES HOUSEHOLDER)
B25003G_002,Estimate!!Total!!Owner occupied,TENURE (TWO OR MORE RACES HOUSEHOLDER)
B25003G_003,Estimate!!Total!!Renter occupied,TENURE (TWO OR MORE RACES HOUSEHOLDER)
B25003H_001,Estimate!!Total,"TENURE (WHITE ALONE, NOT HISPANIC OR LATINO HOUSEHOLDER)"
B25003H_002,Estimate!!Total!!Owner occupied,"TENURE (WHITE ALONE, NOT HISPANIC OR LATINO HOUSEHOLDER)"
B25003H_003,Estimate!!Total!!Renter occupied,"TENURE (WHITE ALONE, NOT HISPANIC OR LATINO HOUSEHOLDER)"
B25003I_001,Estimate!!Total,TENURE (HISPANIC OR LATINO HOUSEHOLDER)
B25003I_002,Estimate!!Total!!Owner occupied,TENURE (HISPANIC OR LATINO HOUSEHOLDER)
B25003I_003,Estimate!!Total!!Renter occupied,TENURE (HISPANIC OR LATINO HOUSEHOLDER)
C15002A_002,Estimate!!Total!!Male,SEX BY EDUCATIONAL ATTAINMENT FOR THE POPULATION 25 YEARS AND OVER (WHITE ALONE)
C15002A_004,Estimate!!Total!!Male!!High school graduate (includes equivalency),SEX BY EDUCATIONAL ATTAINMENT FOR THE POPULATION 25 YEARS AND OVER (WHITE ALONE)
C15002A_006,Estimate!!Total!!Male!!Bachelor's degree or higher,SEX BY EDUCATIONAL ATTAINMENT FOR THE POPULATION 25 YEARS AND OVER (WHITE ALONE)
C15002A_007,Estimate!!Total!!Female,SEX BY EDUCATIONAL ATTAINMENT FOR THE POPULATION 25 YEARS AND OVER (WHITE ALONE)
C15002A_009,Estimate!!Total!!Female!!High school graduate (includes equivalency),SEX BY EDUCATIONAL ATTAINMENT FOR THE POPULATION 25 YEARS AND OVER (WHITE ALONE)
C15002A_011,Estimate!!Total!!Female!!Bachelor's degree or higher,SEX BY EDUCATIONAL ATTAINMENT FOR THE POPULATION 25 YEARS AND OVER (WHITE ALONE)
C15002B_002,Estimate!!Total!!Male,SEX BY EDUCATIONAL ATTAINMENT FOR THE POPULATION 25 YEARS AND OVER (BLACK OR AFRICAN AMERICAN ALONE)
C15002B_004,Estimate!!Total!!Male!!High school graduate (includes equivalency),SEX BY EDUCATIONAL ATTAINMENT FOR THE POPULATION 25 YEARS AND OVER (BLACK OR AFRICAN AMERICAN ALONE)
C15002B_006,Estimate!!Total!!Male!!Bachelor's degree or higher,SEX BY EDUCATIONAL ATTAINMENT FOR THE POPULATION 25 YEARS AND OVER (BLACK OR AFRICAN AMERICAN ALONE)
C15002B_007,Estimate!!Total!!Female,SEX BY EDUCATIONAL ATTAINMENT FOR THE POPULATION 25 YEARS AND OVER (BLACK OR AFRICAN AMERICAN ALONE)
C15002B_009,Estimate!!Total!!Female!!High school graduate (includes equivalency),SEX BY EDUCATIONAL ATTAINMENT FOR THE POPULATION 25 YEARS AND OVER (BLACK OR AFRICAN AMERICAN ALONE)
C15002B_011,Estimate!!Total!!Female!!Bachelor's degree or higher,SEX BY EDUCATIONAL ATTAINMENT FOR THE POPULATION 25 YEARS AND OVER (BLACK OR AFRICAN AMERICAN ALONE)
C15002C_002,Estimate!!Total!!Male,SEX BY EDUCATIONAL ATTAINMENT FOR THE POPULATION 25 YEARS AND OVER (AMERICAN INDIAN AND ALASKA NATIVE ALONE)
C15002C_004,Estimate!!Total!!Male!!High school graduate (includes equivalency),SEX BY EDUCATIONAL ATTAINMENT FOR THE POPULATION 25 YEARS AND OVER (AMERICAN INDIAN AND ALASKA NATIVE ALONE)
C15002C_006,Estimate!!Total!!Male!!Bachelor's degree or higher,SEX BY EDUCATIONAL ATTAINMENT FOR THE POPULATION 25 YEARS AND OVER (AMERICAN INDIAN AND ALASKA NATIVE ALONE)
C15002C_007,Estimate!!Total!!Female,SEX BY EDUCATIONAL ATTAINMENT FOR THE POPULATION 25 YEARS AND OVER (AMERICAN INDIAN AND ALASKA NATIVE ALONE)
C15002C_009,Estimate!!Total!!Female!!High school graduate (includes equivalency),SEX BY EDUCATIONAL ATTAINMENT FOR THE POPULATION 25 YEARS AND OVER (AMERICAN INDIAN AND ALASKA NATIVE ALONE)
C15002C_011,Estimate!!Total!!Female!!Bachelor's degree or higher,SEX BY EDUCATIONAL ATTAINMENT FOR THE POPULATION 25 YEARS AND OVER (AMERICAN INDIAN AND ALASKA NATIVE ALONE)
C15002D_002,Estimate!!Total!!Male,SEX BY EDUCATIONAL ATTAINMENT FOR THE POPULATION 25 YEARS AND OVER (ASIAN ALONE)
C15002D_004,Estimate!!Total!!Male!!High school graduate (includes equivalency),SEX BY EDUCATIONAL ATTAINMENT FOR THE POPULATION 25 YEARS AND OVER (ASIAN ALONE)
C15002D_006,Estimate!!Total!!Male!!Bachelor's degree or higher,SEX BY EDUCATIONAL ATTAINMENT FOR THE POPULATION 25 YEARS AND OVER (ASIAN ALONE)
C15002D_007,Estimate!!Total!!Female,SEX BY EDUCATIONAL ATTAINMENT FOR THE POPULATION 25 YEARS AND OVER (ASIAN ALONE)
C15002D_009,Estimate!!Total!!Female!!High school graduate (includes equivalency),SEX BY EDUCATIONAL ATTAINMENT FOR THE POPULATION 25 YEARS AND OVER (ASIAN ALONE)
C15002D_011,Estimate!!Total!!Female!!Bachelor's degree or higher,SEX BY EDUCATIONAL ATTAINMENT FOR THE POPULATION 25 YEARS AND OVER (ASIAN ALONE)
C15002E_002,Estimate!!Total!!Male,SEX BY EDUCATIONAL ATTAINMENT FOR THE POPULATION 25 YEARS AND OVER (NATIVE HAWAIIAN AND OTHER PACIFIC ISLANDER ALONE)
C15002E_004,Estimate!!Total!!Male!!High school graduate (includes equivalency),SEX BY EDUCATIONAL ATTAINMENT FOR THE POPULATION 25 YEARS AND OVER (NATIVE HAWAIIAN AND OTHER PACIFIC ISLANDER ALONE)
C15002E_006,Estimate!!Total!!Male!!Bachelor's degree or higher,SEX BY EDUCATIONAL ATTAINMENT FOR THE POPULATION 25 YEARS AND OVER (NATIVE HAWAIIAN AND OTHER PACIFIC ISLANDER ALONE)
C15002E_007,Estimate!!Total!!Female,SEX BY EDUCATIONAL ATTAINMENT FOR THE POPULATION 25 YEARS AND OVER (NATIVE HAWAIIAN AND OTHER PACIFIC ISLANDER ALONE)
C15002E_009,Estimate!!Total!!Female!!High school graduate (includes equivalency),SEX BY EDUCATIONAL ATTAINMENT FOR THE POPULATION 25 YEARS AND OVER (NATIVE HAWAIIAN AND OTHER PACIFIC ISLANDER ALONE)
C15002E_011,Estimate!!Total!!Female!!Bachelor's degree or higher,SEX BY EDUCATIONAL ATTAINMENT FOR THE POPULATION 25 YEARS AND OVER (NATIVE HAWAIIAN AND OTHER PACIFIC ISLANDER ALONE)
C15002F_002,Estimate!!Total!!Male,SEX BY EDUCATIONAL ATTAINMENT FOR THE POPULATION 25 YEARS AND OVER (SOME OTHER RACE ALONE)
C15002F_004,Estimate!!Total!!Male!!High school graduate (includes equivalency),SEX BY EDUCATIONAL ATTAINMENT FOR THE POPULATION 25 YEARS AND OVER (SOME OTHER RACE ALONE)
C15002F_006,Estimate!!Total!!Male!!Bachelor's degree or higher,SEX BY EDUCATIONAL ATTAINMENT FOR THE POPULATION 25 YEARS AND OVER (SOME OTHER RACE ALONE)
C15002F_007,Estimate!!Total!!Female,SEX BY EDUCATIONAL ATTAINMENT FOR THE POPULATION 25 YEARS AND OVER (SOME OTHER RACE ALONE)
C15002F_009,Estimate!!Total!!Female!!High school graduate (includes equivalency),SEX BY EDUCATIONAL ATTAINMENT FOR THE POPULATION 25 YEARS AND OVER (SOME OTHER RACE ALONE)
C15002F_011,Estimate!!Total!!Female!!Bachelor's degree or higher,SEX BY EDUCATIONAL ATTAINMENT FOR THE POPULATION 25 YEARS AND OVER (SOME OTHER RACE ALONE)
C15002G_002,Estimate!!Total!!Male,SEX BY EDUCATIONAL ATTAINMENT FOR THE POPULATION 25 YEARS AND OVER (TWO OR MORE RACES)
C15002G_004,Estimate!!Total!!Male!!High school graduate (includes equivalency),SEX BY EDUCATIONAL ATTAINMENT FOR THE POPULATION 25 YEARS AND OVER (TWO OR MORE RACES)
C15002G_006,Estimate!!Total!!Male!!Bachelor's degree or higher,SEX BY EDUCATIONAL ATTAINMENT FOR THE POPULATION 25 YEARS AND OVER (TWO OR MORE RACES)
C15002G_007,Estimate!!Total!!Female,SEX BY EDUCATIONAL ATTAINMENT FOR THE POPULATION 25 YEARS AND OVER (TWO OR MORE RACES)
C15002G_009,Estimate!!Total!!Female!!High school graduate (includes equivalency),SEX BY EDUCATIONAL ATTAINMENT FOR THE POPULATION 25 YEARS AND OVER (TWO OR MORE RACES)
C15002G_011,Estimate!!Total!!Female!!Bachelor's degree or higher,SEX BY EDUCATIONAL ATTAINMENT FOR THE POPULATION 25 YEARS AND OVER (TWO OR MORE RACES)
C15002H_002,Estimate!!Total!!Male,"SEX BY EDUCATIONAL ATTAINMENT FOR THE POPULATION 25 YEARS AND OVER (WHITE ALONE, NOT HISPANIC OR LATINO)"
C15002H_004,Estimate!!Total!!Male!!High school graduate (includes equivalency),"SEX BY EDUCATIONAL ATTAINMENT FOR THE POPULATION 25 YEARS AND OVER (WHITE ALONE, NOT HISPANIC OR LATINO)"
C15002H_006,Estimate!!Total!!Male!!Bachelor's degree or higher,"SEX BY EDUCATIONAL ATTAINMENT FOR THE POPULATION 25 YEARS AND OVER (WHITE ALONE, NOT HISPANIC OR LATINO)"
C15002H_007,Estimate!!Total!!Female,"SEX BY EDUCATIONAL ATTAINMENT FOR THE POPULATION 25 YEARS AND OVER (WHITE ALONE, NOT HISPANIC OR LATINO)"
C15002H_009,Estimate!!Total!!Female!!High school graduate (includes equivalency),"SEX BY EDUCATIONAL ATTAINMENT FOR THE POPULATION 25 YEARS AND OVER (WHITE ALONE, NOT HISPANIC OR LATINO)"
C15002H_011,Estimate!!Total!!Female!!Bachelor's degree or higher,"SEX BY EDUCATIONAL ATTAINMENT FOR THE POPULATION 25 YEARS AND OVER (WHITE ALONE, NOT HISPANIC OR LATINO)"
C15002I_002,Estimate!!Total!!Male,SEX BY EDUCATIONAL ATTAINMENT FOR THE POPULATION 25 YEARS AND OVER (HISPANIC OR LATINO)
C15002I_004,Estimate!!Total!!Male!!High school graduate (includes equivalency),SEX BY EDUCATIONAL ATTAINMENT FOR THE POPULATION 25 YEARS AND OVER (HISPANIC OR LATINO)
C15002I_006,Estimate!!Total!!Male!!Bachelor's degree or higher,SEX BY EDUCATIONAL ATTAINMENT FOR THE POPULATION 25 YEARS AND OVER (HISPANIC OR LATINO)
C15002I_007,Estimate!!Total!!Female,SEX BY EDUCATIONAL ATTAINMENT FOR THE POPULATION 25 YEARS AND OVER (HISPANIC OR LATINO)
C15002I_009,Estimate!!Total!!Female!!High school graduate (includes equivalency),SEX BY EDUCATIONAL ATTAINMENT FOR THE POPULATION 25 YEARS AND OVER (HISPANIC OR LATINO)
C15002I_011,Estimate!!Total!!Female!!Bachelor's degree or higher,SEX BY EDUCATIONAL ATTAINMENT FOR THE POPULATION 25 YEARS AND OVER (HISPANIC OR LATINO)
C27001A_001,Estimate!!Total,HEALTH INSURANCE COVERAGE STATUS BY AGE (WHITE ALONE)
C27001A_002,Estimate!!Total!!Under 19 years,HEALTH INSURANCE COVERAGE STATUS BY AGE (WHITE ALONE)
C27001A_003,Estimate!!Total!!Under 19 years!!With health insurance coverage,HEALTH INSURANCE COVERAGE STATUS BY AGE (WHITE ALONE)
C27001A_004,Estimate!!Total!!Under 19 years!!No health insurance coverage,HEALTH INSURANCE COVERAGE STATUS BY AGE (WHITE ALONE)
C27001A_005,Estimate!!Total!!19 to 64 years,HEALTH INSURANCE COVERAGE STATUS BY AGE (WHITE ALONE)
C27001A_006,Estimate!!Total!!19 to 64 years!!With health insurance coverage,HEALTH INSURANCE COVERAGE STATUS BY AGE (WHITE ALONE)
C27001A_007,Estimate!!Total!!19 to 64 years!!No health insurance coverage,HEALTH INSURANCE COVERAGE STATUS BY AGE (WHITE ALONE)
C27001A_008,Estimate!!Total!!65 years and over,HEALTH INSURANCE COVERAGE STATUS BY AGE (WHITE ALONE)
C27001A_009,Estimate!!Total!!65 years and over!!With health insurance coverage,HEALTH INSURANCE COVERAGE STATUS BY AGE (WHITE ALONE)
C27001A_010,Estimate!!Total!!65 years and over!!No health insurance coverage,HEALTH INSURANCE COVERAGE STATUS BY AGE (WHITE ALONE)
C27001B_001,Estimate!!Total,HEALTH INSURANCE COVERAGE STATUS BY AGE (BLACK OR AFRICAN AMERICAN ALONE)
C27001B_002,Estimate!!Total!!Under 19 years,HEALTH INSURANCE COVERAGE STATUS BY AGE (BLACK OR AFRICAN AMERICAN ALONE)
C27001B_003,Estimate!!Total!!Under 19 years!!With health insurance coverage,HEALTH INSURANCE COVERAGE STATUS BY AGE (BLACK OR AFRICAN AMERICAN ALONE)
C27001B_004,Estimate!!Total!!Under 19 years!!No health insurance coverage,HEALTH INSURANCE COVERAGE STATUS BY AGE (BLACK OR AFRICAN AMERICAN ALONE)
C27001B_005,Estimate!!Total!!19 to 64 years,HEALTH INSURANCE COVERAGE STATUS BY AGE (BLACK OR AFRICAN AMERICAN ALONE)
C27001B_006,Estimate!!Total!!19 to 64 years!!With health insurance coverage,HEALTH INSURANCE COVERAGE STATUS BY AGE (BLACK OR AFRICAN AMERICAN ALONE)
C27001B_007,Estimate!!Total!!19 to 64 years!!No health insurance coverage,HEALTH INSURANCE COVERAGE STATUS BY AGE (BLACK OR AFRICAN AMERICAN ALONE)
C27001B_008,Estimate!!Total!!65 years and over,HEALTH INSURANCE COVERAGE STATUS BY AGE (BLACK OR AFRICAN AMERICAN ALONE)
C27001B_009,Estimate!!Total!!65 years and over!!With health insurance coverage,HEALTH INSURANCE COVERAGE STATUS BY AGE (BLACK OR AFRICAN AMERICAN ALONE)
C27001B_010,Estimate!!Total!!65 years and over!!No health insurance coverage,HEALTH INSURANCE COVERAGE STATUS BY AGE (BLACK OR AFRICAN AMERICAN ALONE)
C27001C_001,Estimate!!Total,HEALTH INSURANCE COVERAGE STATUS BY AGE (AMERICAN INDIAN AND ALASKA NATIVE ALONE)
C27001C_002,Estimate!!Total!!Under 19 years,HEALTH INSURANCE COVERAGE STATUS BY AGE (AMERICAN INDIAN AND ALASKA NATIVE ALONE)
C27001C_003,Estimate!!Total!!Under 19 years!!With health insurance coverage,HEALTH INSURANCE COVERAGE STATUS BY AGE (AMERICAN INDIAN AND ALASKA NATIVE ALONE)
C27001C_004,Estimate!!Total!!Under 19 years!!No health insurance coverage,HEALTH INSURANCE COVERAGE STATUS BY AGE (AMERICAN INDIAN AND ALASKA NATIVE ALONE)
C27001C_005,Estimate!!Total!!19 to 64 years,HEALTH INSURANCE COVERAGE STATUS BY AGE (AMERICAN INDIAN AND ALASKA NATIVE ALONE)
C27001C_006,Estimate!!Total!!19 to 64 years!!With health insurance coverage,HEALTH INSURANCE COVERAGE STATUS BY AGE (AMERICAN INDIAN AND ALASKA NATIVE ALONE)
C27001C_007,Estimate!!Total!!19 to 64 years!!No health insurance coverage,HEALTH INSURANCE COVERAGE STATUS BY AGE (AMERICAN INDIAN AND ALASKA NATIVE ALONE)
C27001C_008,Estimate!!Total!!65 years and over,HEALTH INSURANCE COVERAGE STATUS BY AGE (AMERICAN INDIAN AND ALASKA NATIVE ALONE)
C27001C_009,Estimate!!Total!!65 years and over!!With health insurance coverage,HEALTH INSURANCE COVERAGE STATUS BY AGE (AMERICAN INDIAN AND ALASKA NATIVE ALONE)
C27001C_010,Estimate!!Total!!65 years and over!!No health insurance coverage,HEALTH INSURANCE COVERAGE STATUS BY AGE (AMERICAN INDIAN AND ALASKA NATIVE ALONE)
C27001D_001,Estimate!!Total,HEALTH INSURANCE COVERAGE STATUS BY AGE (ASIAN ALONE)
C27001D_002,Estimate!!Total!!Under 19 years,HEALTH INSURANCE COVERAGE STATUS BY AGE (ASIAN ALONE)
C27001D_003,Estimate!!Total!!Under 19 years!!With health insurance coverage,HEALTH INSURANCE COVERAGE STATUS BY AGE (ASIAN ALONE)
C27001D_004,Estimate!!Total!!Under 19 years!!No health insurance coverage,HEALTH INSURANCE COVERAGE STATUS BY AGE (ASIAN ALONE)
C27001D_005,Estimate!!Total!!19 to 64 years,HEALTH INSURANCE COVERAGE STATUS BY AGE (ASIAN ALONE)
C27001D_006,Estimate!!Total!!19 to 64 years!!With health insurance coverage,HEALTH INSURANCE COVERAGE STATUS BY AGE (ASIAN ALONE)
C27001D_007,Estimate!!Total!!19 to 64 years!!No health insurance coverage,HEALTH INSURANCE COVERAGE STATUS BY AGE (ASIAN ALONE)
C27001D_008,Estimate!!Total!!65 years and over,HEALTH INSURANCE COVERAGE STATUS BY AGE (ASIAN ALONE)
C27001D_009,Estimate!!Total!!65 years and over!!With health insurance coverage,HEALTH INSURANCE COVERAGE STATUS BY AGE (ASIAN ALONE)
C27001D_010,Estimate!!Total!!65 years and over!!No health insurance coverage,HEALTH INSURANCE COVERAGE STATUS BY AGE (ASIAN ALONE)
C27001E_001,Estimate!!Total,HEALTH INSURANCE COVERAGE STATUS BY AGE (NATIVE HAWAIIAN AND OTHER PACIFIC ISLANDER ALONE)
C27001E_002,Estimate!!Total!!Under 19 years,HEALTH INSURANCE COVERAGE STATUS BY AGE (NATIVE HAWAIIAN AND OTHER PACIFIC ISLANDER ALONE)
C27001E_003,Estimate!!Total!!Under 19 years!!With health insurance coverage,HEALTH INSURANCE COVERAGE STATUS BY AGE (NATIVE HAWAIIAN AND OTHER PACIFIC ISLANDER ALONE)
C27001E_004,Estimate!!Total!!Under 19 years!!No health insurance coverage,HEALTH INSURANCE COVERAGE STATUS BY AGE (NATIVE HAWAIIAN AND OTHER PACIFIC ISLANDER ALONE)
C27001E_005,Estimate!!Total!!19 to 64 years,HEALTH INSURANCE COVERAGE STATUS BY AGE (NATIVE HAWAIIAN AND OTHER PACIFIC ISLANDER ALONE)
C27001E_006,Estimate!!Total!!19 to 64 years!!With health insurance coverage,HEALTH INSURANCE COVERAGE STATUS BY AGE (NATIVE HAWAIIAN AND OTHER PACIFIC ISLANDER ALONE)
C27001E_007,Estimate!!Total!!19 to 64 years!!No health insurance coverage,HEALTH INSURANCE COVERAGE STATUS BY AGE (NATIVE HAWAIIAN AND OTHER PACIFIC ISLANDER ALONE)
C27001E_008,Estimate!!Total!!65 years and over,HEALTH INSURANCE COVERAGE STATUS BY AGE (NATIVE HAWAIIAN AND OTHER PACIFIC ISLANDER ALONE)
C27001E_009,Estimate!!Total!!65 years and over!!With health insurance coverage,HEALTH INSURANCE COVERAGE STATUS BY AGE (NATIVE HAWAIIAN AND OTHER PACIFIC ISLANDER ALONE)
C27001E_010,Estimate!!Total!!65 years and over!!No health insurance coverage,HEALTH INSURANCE COVERAGE STATUS BY AGE (NATIVE HAWAIIAN AND OTHER PACIFIC ISLANDER ALONE)
C27001F_001,Estimate!!Total,HEALTH INSURANCE COVERAGE STATUS BY AGE (SOME OTHER RACE ALONE)
C27001F_002,Estimate!!Total!!Under 19 years,HEALTH INSURANCE COVERAGE STATUS BY AGE (SOME OTHER RACE ALONE)
C27001F_003,Estimate!!Total!!Under 19 years!!With health insurance coverage,HEALTH INSURANCE COVERAGE STATUS BY AGE (SOME OTHER RACE ALONE)
C27001F_004,Estimate!!Total!!Under 19 years!!No health insurance coverage,HEALTH INSURANCE COVERAGE STATUS BY AGE (SOME OTHER RACE ALONE)
C27001F_005,Estimate!!Total!!19 to 64 years,HEALTH INSURANCE COVERAGE STATUS BY AGE (SOME OTHER RACE ALONE)
C27001F_006,Estimate!!Total!!19 to 64 years!!With health insurance coverage,HEALTH INSURANCE COVERAGE STATUS BY AGE (SOME OTHER RACE ALONE)
C27001F_007,Estimate!!Total!!19 to 64 years!!No health insurance coverage,HEALTH INSURANCE COVERAGE STATUS BY AGE (SOME OTHER RACE ALONE)
C27001F_008,Estimate!!Total!!65 years and over,HEALTH INSURANCE COVERAGE STATUS BY AGE (SOME OTHER RACE ALONE)
C27001F_009,Estimate!!Total!!65 years and over!!With health insurance coverage,HEALTH INSURANCE COVERAGE STATUS BY AGE (SOME OTHER RACE ALONE)
C27001F_010,Estimate!!Total!!65 years and over!!No health insurance coverage,HEALTH INSURANCE COVERAGE STATUS BY AGE (SOME OTHER RACE ALONE)
C27001G_001,Estimate!!Total,HEALTH INSURANCE COVERAGE STATUS BY AGE (TWO OR MORE RACES)
C27001G_002,Estimate!!Total!!Under 19 years,HEALTH INSURANCE COVERAGE STATUS BY AGE (TWO OR MORE RACES)
C27001G_003,Estimate!!Total!!Under 19 years!!With health insurance coverage,HEALTH INSURANCE COVERAGE STATUS BY AGE (TWO OR MORE RACES)
C27001G_004,Estimate!!Total!!Under 19 years!!No health insurance coverage,HEALTH INSURANCE COVERAGE STATUS BY AGE (TWO OR MORE RACES)
C27001G_005,Estimate!!Total!!19 to 64 years,HEALTH INSURANCE COVERAGE STATUS BY AGE (TWO OR MORE RACES)
C27001G_006,Estimate!!Total!!19 to 64 years!!With health insurance coverage,HEALTH INSURANCE COVERAGE STATUS BY AGE (TWO OR MORE RACES)
C27001G_007,Estimate!!Total!!19 to 64 years!!No health insurance coverage,HEALTH INSURANCE COVERAGE STATUS BY AGE (TWO OR MORE RACES)
C27001G_008,Estimate!!Total!!65 years and over,HEALTH INSURANCE COVERAGE STATUS BY AGE (TWO OR MORE RACES)
C27001G_009,Estimate!!Total!!65 years and over!!With health insurance coverage,HEALTH INSURANCE COVERAGE STATUS BY AGE (TWO OR MORE RACES)
C27001G_010,Estimate!!Total!!65 years and over!!No health insurance coverage,HEALTH INSURANCE COVERAGE STATUS BY AGE (TWO OR MORE RACES)
C27001H_001,Estimate!!Total,"HEALTH INSURANCE COVERAGE STATUS BY AGE (WHITE ALONE, NOT HISPANIC OR LATINO)"
C27001H_002,Estimate!!Total!!Under 19 years,"HEALTH INSURANCE COVERAGE STATUS BY AGE (WHITE ALONE, NOT HISPANIC OR LATINO)"
C27001H_003,Estimate!!Total!!Under 19 years!!With health insurance coverage,"HEALTH INSURANCE COVERAGE STATUS BY AGE (WHITE ALONE, NOT HISPANIC OR LATINO)"
C27001H_004,Estimate!!Total!!Under 19 years!!No health insurance coverage,"HEALTH INSURANCE COVERAGE STATUS BY AGE (WHITE ALONE, NOT HISPANIC OR LATINO)"
C27001H_005,Estimate!!Total!!19 to 64 years,"HEALTH INSURANCE COVERAGE STATUS BY AGE (WHITE ALONE, NOT HISPANIC OR LATINO)"
C27001H_006,Estimate!!Total!!19 to 64 years!!With health insurance coverage,"HEALTH INSURANCE COVERAGE STATUS BY AGE (WHITE ALONE, NOT HISPANIC OR LATINO)"
C27001H_007,Estimate!!Total!!19 to 64 years!!No health insurance coverage,"HEALTH INSURANCE COVERAGE STATUS BY AGE (WHITE ALONE, NOT HISPANIC OR LATINO)"
C27001H_008,Estimate!!Total!!65 years and over,"HEALTH INSURANCE COVERAGE STATUS BY AGE (WHITE ALONE, NOT HISPANIC OR LATINO)"
C27001H_009,Estimate!!Total!!65 years and over!!With health insurance coverage,"HEALTH INSURANCE COVERAGE STATUS BY AGE (WHITE ALONE, NOT HISPANIC OR LATINO)"
C27001H_010,Estimate!!Total!!65 years and over!!No health insurance coverage,"HEALTH INSURANCE COVERAGE STATUS BY AGE (WHITE ALONE, NOT HISPANIC OR LATINO)"
C27001I_001,Estimate!!Total,HEALTH INSURANCE COVERAGE STATUS BY AGE (HISPANIC OR LATINO)
C27001I_002,Estimate!!Total!!Under 19 years,HEALTH INSURANCE COVERAGE STATUS BY AGE (HISPANIC OR LATINO)
C27001I_003,Estimate!!Total!!Under 19 years!!With health insurance coverage,HEALTH INSURANCE COVERAGE STATUS BY AGE (HISPANIC OR LATINO)
C27001I_004,Estimate!!Total!!Under 19 years!!No health insurance coverage,HEALTH INSURANCE COVERAGE STATUS BY AGE (HISPANIC OR LATINO)
C27001I_005,Estimate!!Total!!19 to 64 years,HEALTH INSURANCE COVERAGE STATUS BY AGE (HISPANIC OR LATINO)
C27001I_006,Estimate!!Total!!19 to 64 years!!With health insurance coverage,HEALTH INSURANCE COVERAGE STATUS BY AGE (HISPANIC OR LATINO)
C27001I_007,Estimate!!Total!!19 to 64 years!!No health insurance coverage,HEALTH INSURANCE COVERAGE STATUS BY AGE (HISPANIC OR LATINO)
C27001I_008,Estimate!!Total!!65 years and over,HEALTH INSURANCE COVERAGE STATUS BY AGE (HISPANIC OR LATINO)
C27001I_009,Estimate!!Total!!65 years and over!!With health insurance coverage,HEALTH INSURANCE COVERAGE STATUS BY AGE (HISPANIC OR LATINO)
C27001I_010,Estimate!!Total!!65 years and over!!No health insurance coverage,HEALTH INSURANCE COVERAGE STATUS BY AGE (HISPANIC OR LATINO)
